,syserr,ref_type,ref_scale,deblurr,psd_noise,psd_a,psd_u0,psd_b,psd_c,fwhm,amp,simple,tv,tv2
0,0.02,dime,2.0,True,True,0.015,2.0,5.0,2.0,90,1.0,0.1,0.1,0.0
1,0.0,quarter1,1.0,True,False,1.0,1.0,1.0,1.0,90,0.1,0.1,0.0,0.1
2,0.05,quarter1,2.0,True,True,0.02,2.0,5.0,2.0,80,1.0,0.01,0.1,0.01
3,0.0,dime,1.0,True,True,0.025,2.0,5.0,2.0,90,1.0,0.1,0.01,0.01
4,0.02,dime,2.0,True,True,0.015,2.0,5.0,2.0,70,1.0,0.1,1.0,0.1
5,0.02,dime,2.0,True,True,0.015,2.0,3.0,2.0,90,1.0,0.0,0.1,0.0
6,0.05,dime,2.0,True,True,0.02,2.0,3.0,2.0,90,1.0,0.1,0.01,0.0
7,0.0,dime,1.0,True,True,0.015,2.0,3.0,2.0,80,1.0,1.0,0.01,0.1
8,0.0,dime,1.0,True,True,0.02,2.0,1.0,2.0,80,1.0,0.01,0.1,0.01
9,0.05,dime,2.0,True,False,1.0,1.0,1.0,1.0,90,1.0,1.0,1.0,0.0
10,0.05,dime,2.0,True,True,0.02,2.0,2.0,2.0,90,1.0,0.1,0.01,0.0
11,0.05,quarter1,1.0,True,True,0.025,2.0,2.0,2.0,80,1.0,0.1,0.01,0.01
12,0.05,quarter1,2.0,True,True,0.025,2.0,5.0,2.0,90,1.0,0.1,0.01,0.01
13,0.0,dime,2.0,True,True,0.015,2.0,5.0,2.0,70,1.0,0.1,1.0,0.0
14,0.0,quarter1,1.0,True,True,0.015,2.0,5.0,2.0,70,1.0,0.1,1.0,0.01
15,0.05,quarter1,2.0,True,True,0.015,2.0,1.0,2.0,80,1.0,0.01,0.1,0.0
16,0.02,quarter1,1.0,True,True,0.02,2.0,5.0,2.0,70,1.0,0.1,0.1,0.1
17,0.0,dime,2.0,True,True,0.025,2.0,2.0,2.0,90,1.0,0.1,0.1,0.1
18,0.0,dime,2.0,True,True,0.015,2.0,5.0,2.0,90,1.0,0.1,0.01,0.0
19,0.05,dime,2.0,True,True,0.02,2.0,5.0,2.0,90,1.0,0.1,0.1,0.1
20,0.0,quarter1,1.0,True,True,0.015,2.0,5.0,2.0,70,1.0,0.0,1.0,0.0
21,0.05,quarter1,2.0,True,True,0.015,2.0,3.0,2.0,80,1.0,0.1,0.01,0.1
22,0.02,quarter1,2.0,True,True,0.015,2.0,2.0,2.0,80,1.0,0.0,0.1,0.0
23,0.02,quarter1,1.0,True,True,0.015,2.0,1.0,2.0,70,1.0,0.1,0.01,0.1
24,0.02,quarter1,1.0,True,True,0.025,2.0,5.0,2.0,80,1.0,0.1,0.1,0.01
25,0.0,dime,2.0,True,True,0.015,2.0,3.0,2.0,90,1.0,0.1,0.01,0.1
26,0.05,quarter1,1.0,True,True,0.025,2.0,5.0,2.0,90,1.0,0.1,0.01,0.01
27,0.02,quarter1,2.0,True,True,0.015,2.0,3.0,2.0,90,1.0,0.1,0.01,0.1
28,0.05,quarter1,2.0,True,True,0.015,2.0,5.0,2.0,90,1.0,0.1,0.01,0.0
29,0.0,dime,2.0,True,True,0.015,2.0,1.0,2.0,80,1.0,0.01,0.1,0.0
30,0.05,quarter1,2.0,True,True,0.02,2.0,1.0,2.0,90,1.0,0.1,0.1,0.01
31,0.0,dime,2.0,True,True,0.015,2.0,3.0,2.0,90,1.0,0.1,0.1,0.0
32,0.0,dime,1.0,True,True,0.025,2.0,2.0,2.0,90,1.0,0.1,0.1,0.0
33,0.05,quarter1,1.0,True,False,1.0,1.0,1.0,1.0,80,1.0,1.0,0.1,0.01
34,0.0,dime,1.0,True,False,1.0,1.0,1.0,1.0,70,1.0,0.1,0.1,0.0
35,0.05,quarter1,1.0,True,True,0.015,2.0,1.0,2.0,90,1.0,0.1,0.0,0.1
36,0.02,quarter1,2.0,True,False,1.0,1.0,1.0,1.0,90,1.0,0.1,0.1,0.0
37,0.02,dime,1.0,True,True,0.025,2.0,5.0,2.0,70,1.0,0.01,0.1,0.01
38,0.05,quarter1,2.0,True,False,1.0,1.0,1.0,1.0,80,1.0,0.1,1.0,0.1
39,0.05,quarter1,2.0,True,True,0.02,2.0,5.0,2.0,70,1.0,0.01,0.1,0.01
40,0.0,dime,1.0,True,True,0.015,2.0,5.0,2.0,90,1.0,0.1,0.1,0.1
41,0.05,quarter1,1.0,True,True,0.02,2.0,1.0,2.0,90,1.0,0.01,0.1,0.01
42,0.05,quarter1,1.0,True,True,0.02,2.0,1.0,2.0,90,1.0,0.1,0.1,0.0
43,0.02,quarter1,1.0,True,True,0.025,2.0,5.0,2.0,90,1.0,0.1,0.01,0.1
44,0.05,quarter1,2.0,True,True,0.015,2.0,1.0,2.0,80,1.0,0.1,0.01,0.01
45,0.0,dime,1.0,True,True,0.015,2.0,2.0,2.0,80,1.0,0.1,0.1,0.1
46,0.02,dime,2.0,True,False,1.0,1.0,1.0,1.0,70,1.0,0.1,0.1,0.0
47,0.05,quarter1,1.0,True,True,0.015,2.0,2.0,2.0,90,1.0,0.1,0.1,0.01
48,0.02,dime,2.0,True,True,0.02,2.0,2.0,2.0,90,1.0,0.1,0.1,0.01
49,0.02,quarter1,2.0,True,True,0.02,2.0,2.0,2.0,90,1.0,0.1,0.01,0.1
50,0.02,dime,2.0,True,True,0.02,2.0,2.0,2.0,90,1.0,0.1,0.1,0.1
51,0.05,dime,1.0,True,True,0.02,2.0,2.0,2.0,90,1.0,0.1,0.0,0.1
52,0.02,dime,1.0,True,True,0.025,2.0,2.0,2.0,90,1.0,0.0,0.1,0.0
53,0.05,dime,1.0,True,True,0.015,2.0,3.0,2.0,70,1.0,0.1,1.0,0.0
54,0.02,dime,2.0,True,True,0.015,2.0,5.0,2.0,90,1.0,0.1,0.1,0.01
55,0.05,quarter1,1.0,True,True,0.025,2.0,2.0,2.0,80,1.0,0.1,0.01,0.0
56,0.02,quarter1,1.0,True,True,0.02,2.0,3.0,2.0,90,1.0,0.01,0.1,0.01
57,0.05,dime,1.0,True,True,0.025,2.0,2.0,2.0,90,1.0,0.1,0.01,0.0
58,0.02,quarter1,2.0,True,False,1.0,1.0,1.0,1.0,80,1.0,0.0,1.0,0.1
59,0.05,dime,1.0,True,True,0.015,2.0,1.0,2.0,70,1.0,0.1,0.1,0.01
60,0.02,dime,2.0,True,True,0.015,2.0,2.0,2.0,90,1.0,0.1,0.01,0.01
61,0.02,dime,2.0,True,True,0.015,2.0,1.0,2.0,80,1.0,0.01,0.1,0.0
62,0.02,quarter1,2.0,True,False,1.0,1.0,1.0,1.0,90,1.0,0.1,0.0,0.1
63,0.05,quarter1,1.0,True,True,0.02,2.0,5.0,2.0,70,1.0,0.01,0.1,0.01
64,0.05,quarter1,2.0,True,True,0.02,2.0,2.0,2.0,90,1.0,0.1,0.01,0.1
65,0.02,dime,2.0,True,True,0.02,2.0,2.0,2.0,80,1.0,0.1,0.0,0.01
66,0.05,quarter1,1.0,True,True,0.02,2.0,3.0,2.0,90,1.0,0.1,0.01,0.01
67,0.0,dime,1.0,True,True,0.015,2.0,2.0,2.0,70,1.0,0.1,0.0,0.1
68,0.05,dime,2.0,True,True,0.015,2.0,5.0,2.0,70,1.0,0.1,0.1,0.1
69,0.02,dime,1.0,True,False,1.0,1.0,1.0,1.0,80,1.0,1.0,0.1,0.0
70,0.02,quarter1,2.0,True,False,1.0,1.0,1.0,1.0,70,1.0,0.0,1.0,0.01
71,0.05,dime,2.0,True,True,0.02,2.0,3.0,2.0,90,1.0,0.1,0.01,0.01
72,0.05,quarter1,2.0,True,True,0.025,2.0,5.0,2.0,90,1.0,0.1,0.01,0.1
73,0.0,dime,2.0,True,True,0.02,2.0,5.0,2.0,90,1.0,0.01,0.1,0.0
74,0.05,dime,2.0,True,True,0.015,2.0,2.0,2.0,90,1.0,0.1,0.01,0.1
75,0.02,dime,2.0,True,True,0.025,2.0,2.0,2.0,80,1.0,0.1,0.0,0.01
76,0.02,dime,2.0,True,True,0.02,2.0,1.0,2.0,90,1.0,0.1,0.1,0.01
77,0.02,dime,2.0,True,True,0.02,2.0,5.0,2.0,90,1.0,0.1,0.01,0.0
78,0.0,dime,2.0,True,True,0.02,2.0,5.0,2.0,70,1.0,0.01,0.1,0.01
79,0.02,dime,1.0,True,False,1.0,1.0,1.0,1.0,70,1.0,0.1,0.1,0.01
80,0.02,dime,2.0,True,True,0.015,2.0,3.0,2.0,80,1.0,0.1,0.01,0.0
81,0.02,quarter1,1.0,True,True,0.02,2.0,2.0,2.0,90,1.0,0.1,0.1,0.1
82,0.02,dime,1.0,True,True,0.02,2.0,2.0,2.0,90,1.0,0.1,0.01,0.0
83,0.02,quarter1,2.0,True,False,1.0,1.0,1.0,1.0,70,1.0,0.0,1.0,0.0
84,0.05,quarter1,2.0,True,True,0.015,2.0,5.0,2.0,90,1.0,0.1,0.0,0.1
85,0.02,quarter1,1.0,True,True,0.025,2.0,1.0,2.0,90,1.0,0.01,0.1,0.0
86,0.0,dime,1.0,True,True,0.025,2.0,5.0,2.0,90,1.0,0.1,0.1,0.1
87,0.05,quarter1,1.0,True,False,1.0,1.0,1.0,1.0,80,1.0,0.0,1.0,0.0
88,0.02,dime,2.0,True,True,0.02,2.0,2.0,2.0,90,1.0,0.1,0.01,0.0
89,0.02,dime,1.0,True,True,0.015,2.0,2.0,2.0,80,1.0,0.1,0.01,0.1
90,0.05,dime,1.0,True,True,0.025,2.0,5.0,2.0,70,1.0,0.01,0.1,0.01
91,0.02,quarter1,2.0,True,True,0.025,2.0,2.0,2.0,90,1.0,0.1,0.01,0.1
92,0.05,quarter1,2.0,True,True,0.025,2.0,5.0,2.0,90,1.0,0.1,0.1,0.1
93,0.02,quarter1,1.0,True,True,0.025,2.0,5.0,2.0,70,1.0,0.01,0.1,0.0
94,0.02,dime,2.0,True,True,0.025,2.0,5.0,2.0,90,1.0,0.1,0.1,0.01
95,0.05,dime,1.0,True,False,1.0,1.0,1.0,1.0,80,1.0,0.01,1.0,0.0
96,0.05,dime,2.0,True,False,1.0,1.0,1.0,1.0,90,0.1,0.1,0.0,0.01
97,0.02,dime,1.0,True,True,0.02,2.0,2.0,2.0,80,1.0,0.1,0.01,0.1
98,0.0,dime,1.0,True,True,0.015,2.0,1.0,2.0,80,1.0,0.1,0.01,0.0
99,0.02,quarter1,1.0,True,True,0.015,2.0,1.0,2.0,90,0.1,0.1,0.01,0.01
100,0.02,quarter1,2.0,True,False,1.0,1.0,1.0,1.0,90,1.0,0.1,0.01,0.01
101,0.05,dime,2.0,True,False,1.0,1.0,1.0,1.0,90,1.0,0.1,0.1,0.1
102,0.02,quarter1,2.0,True,True,0.015,2.0,1.0,2.0,90,1.0,0.1,0.01,0.01
103,0.02,dime,1.0,True,True,0.02,2.0,3.0,2.0,90,1.0,0.1,0.1,0.1
104,0.02,quarter1,2.0,True,True,0.015,2.0,5.0,2.0,90,1.0,0.1,0.1,0.0
105,0.0,dime,1.0,True,True,0.015,2.0,3.0,2.0,80,1.0,0.1,0.01,0.1
106,0.05,dime,1.0,True,True,0.015,2.0,3.0,2.0,80,1.0,0.1,0.1,0.1
107,0.0,dime,2.0,True,True,0.02,2.0,3.0,2.0,80,1.0,0.1,0.01,0.0
108,0.05,dime,1.0,True,True,0.015,2.0,5.0,2.0,90,1.0,0.1,0.1,0.1
109,0.02,quarter1,1.0,True,True,0.025,2.0,3.0,2.0,90,1.0,0.1,0.1,0.01
110,0.05,dime,1.0,True,True,0.025,2.0,3.0,2.0,90,1.0,0.1,0.01,0.1
111,0.05,quarter1,2.0,True,True,0.015,2.0,3.0,2.0,90,1.0,0.1,0.1,0.01
112,0.0,dime,2.0,True,True,0.025,2.0,5.0,2.0,90,1.0,0.1,0.1,0.01
113,0.0,dime,1.0,True,True,0.015,2.0,2.0,2.0,70,1.0,0.1,0.01,0.1
114,0.0,dime,2.0,True,True,0.015,2.0,5.0,2.0,80,1.0,0.1,0.01,0.1
115,0.02,dime,1.0,True,True,0.015,2.0,5.0,2.0,80,1.0,0.1,0.1,0.01
116,0.02,dime,2.0,True,True,0.015,2.0,3.0,2.0,90,1.0,0.1,0.0,0.1
117,0.0,dime,2.0,True,True,0.015,2.0,5.0,2.0,70,1.0,0.0,1.0,0.01
118,0.05,dime,2.0,True,True,0.02,2.0,1.0,2.0,80,1.0,0.0,0.1,0.01
119,0.0,dime,1.0,True,True,0.02,2.0,5.0,2.0,90,1.0,0.1,0.1,0.01
120,0.0,dime,2.0,True,True,0.02,2.0,1.0,2.0,90,1.0,0.1,0.1,0.01
121,0.02,dime,1.0,True,False,1.0,1.0,1.0,1.0,80,0.1,0.1,0.1,0.0
122,0.05,dime,2.0,True,True,0.015,2.0,5.0,2.0,90,1.0,0.0,0.1,0.0
123,0.05,dime,2.0,True,True,0.015,2.0,2.0,2.0,90,1.0,0.1,0.1,0.0
124,0.02,quarter1,2.0,True,False,1.0,1.0,1.0,1.0,80,1.0,0.1,0.1,0.1
125,0.0,dime,2.0,True,True,0.02,2.0,3.0,2.0,80,1.0,0.1,0.01,0.01
126,0.05,quarter1,2.0,True,True,0.015,2.0,5.0,2.0,80,1.0,0.1,0.1,0.01
127,0.05,quarter1,2.0,True,False,1.0,1.0,1.0,1.0,80,1.0,0.1,0.1,0.01
128,0.05,quarter1,1.0,True,True,0.02,2.0,2.0,2.0,90,1.0,0.01,0.1,0.01
129,0.05,dime,2.0,True,True,0.02,2.0,1.0,2.0,90,1.0,0.1,0.1,0.1
130,0.05,quarter1,1.0,True,False,1.0,1.0,1.0,1.0,90,1.0,1.0,0.1,0.1
131,0.05,dime,2.0,True,True,0.015,2.0,3.0,2.0,90,1.0,0.1,0.1,0.1
132,0.05,quarter1,1.0,True,False,1.0,1.0,1.0,1.0,80,1.0,1.0,1.0,0.1
133,0.0,dime,1.0,True,False,1.0,1.0,1.0,1.0,80,1.0,0.1,1.0,0.01
134,0.02,dime,1.0,True,True,0.025,2.0,2.0,2.0,90,1.0,0.1,0.01,0.1
135,0.05,dime,1.0,True,True,0.025,2.0,3.0,2.0,90,1.0,0.1,0.0,0.0
136,0.02,dime,2.0,True,True,0.015,2.0,5.0,2.0,90,1.0,0.1,0.1,0.1
137,0.05,quarter1,2.0,True,True,0.025,2.0,3.0,2.0,90,1.0,0.1,0.01,0.01
138,0.02,dime,1.0,True,True,0.015,2.0,5.0,2.0,90,1.0,0.1,0.1,0.01
139,0.02,quarter1,1.0,True,True,0.02,2.0,5.0,2.0,90,1.0,0.1,0.1,0.0
140,0.05,dime,2.0,True,False,1.0,1.0,1.0,1.0,80,1.0,0.1,0.1,0.0
141,0.05,dime,2.0,True,False,1.0,1.0,1.0,1.0,90,0.1,0.1,0.0,0.1
142,0.0,dime,1.0,True,True,0.02,2.0,3.0,2.0,80,1.0,0.01,0.1,0.0
143,0.02,quarter1,2.0,True,True,0.02,2.0,2.0,2.0,80,1.0,0.1,0.01,0.0
144,0.0,dime,2.0,True,True,0.02,2.0,3.0,2.0,90,1.0,0.1,0.01,0.1
145,0.05,dime,1.0,True,False,1.0,1.0,1.0,1.0,70,1.0,0.01,1.0,0.0
146,0.05,dime,2.0,True,True,0.02,2.0,1.0,2.0,90,1.0,0.1,0.1,0.0
147,0.02,quarter1,1.0,True,True,0.015,2.0,1.0,2.0,90,1.0,0.1,0.1,0.1
148,0.05,dime,1.0,True,True,0.015,2.0,1.0,2.0,80,1.0,0.1,0.01,0.1
149,0.05,quarter1,2.0,True,True,0.02,2.0,2.0,2.0,90,1.0,0.1,0.0,0.01
150,0.02,quarter1,1.0,True,True,0.015,2.0,1.0,2.0,80,1.0,0.1,0.0,0.1
151,0.02,dime,2.0,True,True,0.02,2.0,3.0,2.0,70,1.0,0.01,0.1,0.0
152,0.05,quarter1,2.0,True,True,0.02,2.0,1.0,2.0,90,1.0,0.1,0.0,0.01
153,0.02,quarter1,2.0,True,True,0.02,2.0,3.0,2.0,90,1.0,0.1,0.01,0.0
154,0.05,quarter1,2.0,True,True,0.025,2.0,5.0,2.0,70,1.0,0.01,0.1,0.01
155,0.05,quarter1,2.0,True,True,0.02,2.0,3.0,2.0,90,1.0,0.1,0.01,0.01
156,0.02,quarter1,2.0,True,True,0.015,2.0,1.0,2.0,90,1.0,0.1,0.1,0.01
157,0.05,quarter1,1.0,True,True,0.02,2.0,1.0,2.0,90,1.0,0.1,0.1,0.1
158,0.02,dime,1.0,True,True,0.015,2.0,3.0,2.0,90,1.0,0.1,0.1,0.1
159,0.05,quarter1,1.0,True,True,0.025,2.0,2.0,2.0,90,1.0,0.1,0.1,0.0
160,0.02,quarter1,1.0,True,True,0.015,2.0,1.0,2.0,90,1.0,0.1,0.1,0.0
161,0.05,quarter1,2.0,True,True,0.025,2.0,2.0,2.0,90,1.0,0.1,0.1,0.1
162,0.05,dime,2.0,True,True,0.02,2.0,3.0,2.0,90,1.0,0.1,0.1,0.1
163,0.05,quarter1,2.0,True,True,0.015,2.0,3.0,2.0,90,1.0,0.1,0.0,0.1
164,0.02,dime,2.0,True,True,0.015,2.0,3.0,2.0,80,1.0,0.1,0.0,0.1
165,0.05,quarter1,2.0,True,True,0.02,2.0,5.0,2.0,80,1.0,0.01,0.1,0.0
166,0.02,quarter1,1.0,True,True,0.025,2.0,3.0,2.0,90,1.0,0.1,0.0,0.1
167,0.02,quarter1,2.0,True,True,0.02,2.0,1.0,2.0,80,1.0,0.0,0.1,0.0
168,0.05,quarter1,1.0,True,True,0.02,2.0,2.0,2.0,90,1.0,0.1,0.01,0.01
169,0.0,dime,1.0,True,True,0.015,2.0,3.0,2.0,90,1.0,0.1,0.1,0.1
170,0.05,dime,1.0,True,True,0.025,2.0,3.0,2.0,90,1.0,0.1,0.0,0.1
171,0.02,dime,2.0,True,True,0.015,2.0,2.0,2.0,90,1.0,0.1,0.1,0.0
172,0.02,quarter1,1.0,True,True,0.02,2.0,3.0,2.0,90,1.0,0.1,0.1,0.01
173,0.05,dime,2.0,True,True,0.025,2.0,1.0,2.0,90,1.0,0.01,0.1,0.01
174,0.0,dime,2.0,True,True,0.015,2.0,3.0,2.0,80,1.0,0.1,0.0,0.1
175,0.0,dime,1.0,True,True,0.015,2.0,2.0,2.0,70,1.0,0.1,0.1,0.0
176,0.02,quarter1,2.0,True,True,0.02,2.0,2.0,2.0,90,1.0,0.1,0.1,0.0
177,0.02,quarter1,1.0,True,True,0.015,2.0,5.0,2.0,70,1.0,0.1,0.1,0.1
178,0.05,dime,1.0,True,True,0.015,2.0,2.0,2.0,90,0.1,0.1,0.01,0.01
179,0.02,dime,1.0,True,True,0.025,2.0,2.0,2.0,90,1.0,0.1,0.1,0.0
180,0.02,quarter1,1.0,True,True,0.025,2.0,2.0,2.0,90,1.0,0.1,0.01,0.01
181,0.0,dime,2.0,True,True,0.025,2.0,2.0,2.0,80,1.0,0.1,0.01,0.1
182,0.05,dime,2.0,True,True,0.02,2.0,1.0,2.0,90,1.0,0.01,0.1,0.01
183,0.0,dime,1.0,True,True,0.025,2.0,5.0,2.0,80,1.0,0.1,0.1,0.1
184,0.05,quarter1,2.0,True,True,0.025,2.0,3.0,2.0,90,1.0,0.1,0.1,0.1
185,0.02,dime,1.0,True,True,0.02,2.0,1.0,2.0,80,1.0,0.1,0.01,0.01
186,0.02,quarter1,1.0,True,True,0.02,2.0,1.0,2.0,80,1.0,0.01,0.1,0.01
187,0.05,quarter1,2.0,True,False,1.0,1.0,1.0,1.0,90,1.0,0.1,0.1,0.0
188,0.02,quarter1,2.0,True,True,0.02,2.0,1.0,2.0,90,1.0,0.1,0.1,0.1
189,0.02,quarter1,1.0,True,True,0.02,2.0,1.0,2.0,90,1.0,0.1,0.1,0.01
190,0.05,dime,2.0,True,False,1.0,1.0,1.0,1.0,90,1.0,0.1,0.1,0.0
191,0.0,dime,2.0,True,True,0.025,2.0,1.0,2.0,90,1.0,0.01,0.1,0.0
192,0.05,quarter1,2.0,True,True,0.015,2.0,3.0,2.0,90,1.0,0.1,0.1,0.0
193,0.02,dime,2.0,True,True,0.015,2.0,1.0,2.0,80,1.0,0.01,0.1,0.01
194,0.02,dime,1.0,True,False,1.0,1.0,1.0,1.0,80,1.0,0.1,0.1,0.01
195,0.02,quarter1,2.0,True,True,0.015,2.0,2.0,2.0,90,1.0,0.1,0.0,0.01
196,0.05,dime,2.0,True,True,0.025,2.0,5.0,2.0,90,1.0,0.1,0.01,0.1
197,0.05,dime,1.0,True,True,0.015,2.0,3.0,2.0,90,1.0,0.1,0.1,0.0
198,0.05,quarter1,1.0,True,True,0.015,2.0,2.0,2.0,90,1.0,0.01,0.1,0.01
199,0.05,dime,2.0,True,True,0.02,2.0,5.0,2.0,90,1.0,0.1,0.0,0.01
200,0.02,dime,2.0,True,True,0.025,2.0,5.0,2.0,90,1.0,0.1,0.0,0.01
201,0.02,quarter1,1.0,True,True,0.02,2.0,1.0,2.0,90,1.0,0.01,0.1,0.01
202,0.05,dime,1.0,True,True,0.02,2.0,3.0,2.0,90,1.0,0.1,0.01,0.0
203,0.0,dime,1.0,True,True,0.025,2.0,5.0,2.0,70,1.0,0.01,0.1,0.01
204,0.02,quarter1,1.0,True,True,0.02,2.0,2.0,2.0,90,1.0,0.1,0.01,0.1
205,0.0,dime,2.0,True,True,0.015,2.0,5.0,2.0,90,1.0,0.1,0.1,0.0
206,0.0,dime,1.0,True,True,0.015,2.0,5.0,2.0,80,1.0,0.1,0.1,0.01
207,0.05,quarter1,2.0,True,True,0.025,2.0,5.0,2.0,90,1.0,0.1,0.01,0.0
208,0.05,quarter1,1.0,True,True,0.025,2.0,5.0,2.0,70,1.0,0.1,0.1,0.1
209,0.02,quarter1,2.0,True,True,0.015,2.0,1.0,2.0,80,1.0,0.1,0.0,0.1
210,0.05,dime,1.0,True,True,0.025,2.0,5.0,2.0,90,1.0,0.1,0.0,0.1
211,0.0,dime,2.0,True,True,0.015,2.0,1.0,2.0,70,1.0,0.01,0.1,0.0
212,0.05,dime,1.0,True,False,1.0,1.0,1.0,1.0,70,1.0,0.0,1.0,0.01
213,0.02,quarter1,2.0,True,True,0.02,2.0,2.0,2.0,90,1.0,0.1,0.01,0.0
214,0.05,quarter1,1.0,True,True,0.02,2.0,2.0,2.0,80,1.0,0.01,0.1,0.0
215,0.02,quarter1,2.0,True,True,0.02,2.0,3.0,2.0,80,1.0,0.1,0.01,0.01
216,0.0,dime,2.0,True,True,0.015,2.0,3.0,2.0,80,1.0,0.1,0.1,0.01
217,0.02,quarter1,1.0,True,True,0.015,2.0,5.0,2.0,90,1.0,0.1,0.1,0.01
218,0.05,dime,1.0,True,True,0.015,2.0,2.0,2.0,90,1.0,0.1,0.1,0.01
219,0.02,dime,2.0,True,True,0.025,2.0,2.0,2.0,90,1.0,0.1,0.1,0.0
220,0.05,dime,2.0,True,True,0.015,2.0,5.0,2.0,90,1.0,0.1,0.1,0.0
221,0.05,dime,2.0,True,True,0.02,2.0,3.0,2.0,90,1.0,0.1,0.0,0.1
222,0.05,dime,2.0,True,True,0.025,2.0,5.0,2.0,70,1.0,0.01,0.1,0.01
223,0.05,dime,2.0,True,True,0.015,2.0,5.0,2.0,90,1.0,0.1,0.0,0.1
224,0.02,dime,1.0,True,True,0.025,2.0,3.0,2.0,90,1.0,0.1,0.1,0.01
225,0.0,dime,1.0,True,True,0.02,2.0,2.0,2.0,80,1.0,0.1,0.0,0.1
226,0.02,dime,1.0,True,True,0.02,2.0,3.0,2.0,90,1.0,0.1,0.1,0.0
227,0.05,quarter1,2.0,True,False,1.0,1.0,1.0,1.0,90,1.0,0.1,0.0,0.1
228,0.0,dime,1.0,True,True,0.015,2.0,1.0,2.0,80,1.0,0.1,0.0,0.1
229,0.02,quarter1,2.0,True,True,0.015,2.0,1.0,2.0,80,1.0,0.0,0.1,0.0
230,0.05,dime,1.0,True,True,0.02,2.0,5.0,2.0,90,1.0,0.1,0.0,0.1
231,0.05,dime,1.0,True,True,0.02,2.0,5.0,2.0,70,1.0,0.1,0.1,0.1
232,0.05,dime,2.0,True,False,1.0,1.0,1.0,1.0,80,1.0,0.1,0.1,0.1
233,0.0,dime,1.0,True,True,0.015,2.0,3.0,2.0,90,1.0,0.1,0.1,0.01
234,0.05,quarter1,1.0,True,True,0.02,2.0,5.0,2.0,70,1.0,0.1,0.1,0.01
235,0.0,dime,1.0,True,True,0.02,2.0,5.0,2.0,80,1.0,0.1,0.1,0.01
236,0.05,dime,2.0,True,True,0.015,2.0,2.0,2.0,90,1.0,0.1,0.1,0.01
237,0.02,dime,2.0,True,True,0.015,2.0,3.0,2.0,90,1.0,0.01,0.1,0.0
238,0.05,quarter1,1.0,True,True,0.025,2.0,5.0,2.0,90,1.0,0.1,0.01,0.1
239,0.05,quarter1,2.0,True,True,0.015,2.0,1.0,2.0,90,1.0,0.1,0.01,0.01
240,0.02,dime,2.0,True,True,0.015,2.0,3.0,2.0,90,1.0,0.1,0.1,0.01
241,0.05,dime,2.0,True,True,0.02,2.0,3.0,2.0,90,1.0,0.01,0.1,0.01
242,0.05,dime,1.0,True,True,0.015,2.0,3.0,2.0,70,1.0,0.1,1.0,0.01
243,0.0,dime,2.0,True,True,0.015,2.0,3.0,2.0,70,1.0,0.1,0.1,0.1
244,0.05,dime,1.0,True,True,0.025,2.0,2.0,2.0,90,1.0,0.1,0.1,0.1
245,0.0,dime,1.0,True,True,0.02,2.0,3.0,2.0,80,1.0,0.1,0.01,0.1
246,0.05,dime,1.0,True,True,0.025,2.0,5.0,2.0,80,1.0,0.1,0.1,0.01
247,0.05,quarter1,1.0,True,True,0.015,2.0,2.0,2.0,90,1.0,0.1,0.01,0.1
248,0.02,quarter1,1.0,True,True,0.015,2.0,5.0,2.0,80,1.0,0.1,0.1,0.01
249,0.02,quarter1,1.0,True,True,0.025,2.0,2.0,2.0,80,1.0,0.1,0.01,0.0
250,0.05,quarter1,2.0,True,True,0.025,2.0,2.0,2.0,90,1.0,0.1,0.01,0.0
251,0.02,dime,2.0,True,True,0.025,2.0,3.0,2.0,90,1.0,0.1,0.01,0.01
252,0.02,quarter1,2.0,True,True,0.015,2.0,2.0,2.0,90,1.0,0.1,0.1,0.1
253,0.0,dime,1.0,True,False,1.0,1.0,1.0,1.0,80,0.1,0.1,0.1,0.0
254,0.05,dime,1.0,True,True,0.02,2.0,1.0,2.0,80,1.0,0.1,0.01,0.01
255,0.05,dime,2.0,True,True,0.015,2.0,1.0,2.0,90,1.0,0.1,0.1,0.01
256,0.05,dime,2.0,True,True,0.025,2.0,5.0,2.0,90,1.0,0.1,0.0,0.01
257,0.02,quarter1,1.0,True,True,0.015,2.0,2.0,2.0,80,1.0,0.1,0.1,0.1
258,0.05,quarter1,1.0,True,False,1.0,1.0,1.0,1.0,90,1.0,1.0,1.0,0.0
259,0.05,dime,1.0,True,True,0.02,2.0,5.0,2.0,90,1.0,0.1,0.01,0.01
260,0.05,dime,2.0,True,True,0.025,2.0,3.0,2.0,90,1.0,0.1,0.01,0.01
261,0.02,quarter1,1.0,True,True,0.015,2.0,2.0,2.0,80,1.0,0.1,0.01,0.1
262,0.05,quarter1,1.0,True,False,1.0,1.0,1.0,1.0,80,1.0,0.1,1.0,0.01
263,0.05,quarter1,2.0,True,True,0.015,2.0,5.0,2.0,90,1.0,0.1,0.01,0.1
264,0.02,quarter1,1.0,True,True,0.025,2.0,5.0,2.0,90,1.0,0.1,0.1,0.01
265,0.02,quarter1,1.0,True,True,0.02,2.0,5.0,2.0,90,1.0,0.1,0.0,0.1
266,0.02,dime,2.0,True,True,0.015,2.0,5.0,2.0,90,1.0,0.1,0.01,0.01
267,0.05,quarter1,2.0,True,True,0.025,2.0,3.0,2.0,90,1.0,0.1,0.1,0.0
268,0.02,dime,2.0,True,True,0.02,2.0,2.0,2.0,90,1.0,0.1,0.1,0.0
269,0.0,dime,2.0,True,True,0.015,2.0,5.0,2.0,70,1.0,0.1,1.0,0.1
270,0.05,dime,2.0,True,True,0.015,2.0,3.0,2.0,80,1.0,0.1,0.1,0.0
271,0.05,dime,1.0,True,True,0.025,2.0,3.0,2.0,90,1.0,0.1,0.01,0.0
272,0.05,quarter1,1.0,True,True,0.02,2.0,5.0,2.0,90,1.0,0.1,0.1,0.0
273,0.0,dime,2.0,True,True,0.02,2.0,3.0,2.0,90,1.0,0.1,0.1,0.01
274,0.0,dime,1.0,True,True,0.015,2.0,2.0,2.0,80,1.0,0.1,0.01,0.01
275,0.0,dime,1.0,True,True,0.025,2.0,5.0,2.0,70,1.0,0.1,0.1,0.1
276,0.0,dime,1.0,True,True,0.02,2.0,2.0,2.0,80,1.0,0.1,0.01,0.1
277,0.05,quarter1,2.0,True,True,0.02,2.0,1.0,2.0,90,1.0,0.1,0.0,0.1
278,0.0,dime,1.0,True,True,0.015,2.0,1.0,2.0,90,1.0,0.01,0.1,0.0
279,0.05,quarter1,1.0,True,True,0.015,2.0,5.0,2.0,80,1.0,0.1,0.0,0.1
280,0.0,dime,2.0,True,True,0.025,2.0,5.0,2.0,70,1.0,0.01,0.01,0.01
281,0.05,quarter1,1.0,True,False,1.0,1.0,1.0,1.0,80,1.0,1.0,0.1,0.0
282,0.05,quarter1,2.0,True,True,0.015,2.0,2.0,2.0,90,1.0,0.1,0.01,0.1
283,0.02,dime,1.0,True,False,1.0,1.0,1.0,1.0,80,0.1,0.1,0.1,0.1
284,0.02,dime,1.0,True,True,0.015,2.0,3.0,2.0,80,1.0,0.1,0.1,0.01
285,0.0,dime,2.0,True,True,0.02,2.0,2.0,2.0,80,1.0,0.1,0.0,0.1
286,0.05,quarter1,1.0,True,False,1.0,1.0,1.0,1.0,80,1.0,0.01,1.0,0.01
287,0.05,dime,1.0,True,True,0.015,2.0,3.0,2.0,70,1.0,0.0,1.0,0.0
288,0.02,dime,2.0,True,False,1.0,1.0,1.0,1.0,90,0.1,0.1,0.0,0.1
289,0.05,quarter1,2.0,True,True,0.02,2.0,1.0,2.0,80,1.0,0.01,0.1,0.01
290,0.0,dime,1.0,True,True,0.015,2.0,2.0,2.0,80,1.0,0.1,0.01,0.0
291,0.05,dime,1.0,True,True,0.015,2.0,3.0,2.0,70,1.0,0.0,1.0,0.01
292,0.02,dime,2.0,True,True,0.02,2.0,5.0,2.0,90,1.0,0.1,0.0,0.1
293,0.0,dime,1.0,True,True,0.02,2.0,3.0,2.0,80,1.0,0.1,0.01,0.01
294,0.0,dime,2.0,True,True,0.015,2.0,3.0,2.0,80,1.0,0.1,0.01,0.1
295,0.0,dime,1.0,True,True,0.025,2.0,5.0,2.0,90,1.0,0.1,0.1,0.0
296,0.0,dime,1.0,True,True,0.025,2.0,5.0,2.0,90,1.0,0.1,0.1,0.01
297,0.02,dime,1.0,True,False,1.0,1.0,1.0,1.0,80,0.1,0.1,0.1,0.01
298,0.0,dime,1.0,True,True,0.025,2.0,2.0,2.0,90,1.0,0.1,0.1,0.1
299,0.02,quarter1,1.0,True,True,0.025,2.0,5.0,2.0,70,1.0,0.1,0.1,0.1
300,0.0,dime,2.0,True,True,0.025,2.0,2.0,2.0,80,1.0,0.1,0.0,0.01
301,0.02,dime,2.0,True,False,1.0,1.0,1.0,1.0,90,1.0,0.1,1.0,0.0
302,0.0,dime,1.0,True,True,0.025,2.0,5.0,2.0,80,1.0,0.1,0.1,0.01
303,0.05,quarter1,1.0,True,True,0.02,2.0,5.0,2.0,90,1.0,0.1,0.01,0.1
304,0.05,dime,2.0,True,True,0.025,2.0,5.0,2.0,90,1.0,0.01,0.1,0.0
305,0.02,dime,1.0,True,False,1.0,1.0,1.0,1.0,80,0.1,0.1,0.01,0.1
306,0.02,dime,1.0,True,True,0.015,2.0,3.0,2.0,80,1.0,0.1,0.1,0.0
307,0.05,quarter1,1.0,True,True,0.015,2.0,1.0,2.0,80,1.0,0.1,0.0,0.1
308,0.02,quarter1,2.0,True,True,0.02,2.0,5.0,2.0,90,1.0,0.1,0.01,0.01
309,0.02,quarter1,1.0,True,True,0.02,2.0,3.0,2.0,80,1.0,0.01,0.1,0.0
310,0.0,dime,1.0,True,True,0.025,2.0,2.0,2.0,90,1.0,0.01,0.1,0.0
311,0.02,dime,2.0,True,True,0.025,2.0,3.0,2.0,90,1.0,0.1,0.1,0.0
312,0.0,quarter1,2.0,True,True,0.015,2.0,5.0,2.0,70,1.0,0.01,1.0,0.01
313,0.05,quarter1,1.0,True,True,0.025,2.0,2.0,2.0,90,1.0,0.01,0.1,0.01
314,0.0,dime,1.0,True,True,0.02,2.0,3.0,2.0,90,1.0,0.1,0.01,0.1
315,0.02,dime,1.0,True,True,0.015,2.0,2.0,2.0,80,1.0,0.1,0.0,0.1
316,0.0,dime,1.0,True,True,0.015,2.0,5.0,2.0,70,1.0,0.1,0.1,0.01
317,0.05,dime,1.0,True,True,0.015,2.0,2.0,2.0,90,1.0,0.1,0.1,0.0
318,0.05,quarter1,1.0,True,True,0.025,2.0,3.0,2.0,90,1.0,0.1,0.1,0.01
319,0.0,dime,1.0,True,True,0.02,2.0,5.0,2.0,80,1.0,0.1,0.1,0.1
320,0.05,dime,2.0,True,True,0.02,2.0,5.0,2.0,70,1.0,0.01,0.1,0.0
321,0.05,dime,2.0,True,True,0.015,2.0,3.0,2.0,90,1.0,0.01,0.1,0.01
322,0.05,dime,1.0,True,True,0.015,2.0,1.0,2.0,90,1.0,0.01,0.1,0.01
323,0.05,quarter1,1.0,True,True,0.025,2.0,3.0,2.0,90,1.0,0.1,0.01,0.1
324,0.02,quarter1,2.0,True,True,0.02,2.0,3.0,2.0,90,1.0,0.1,0.01,0.01
325,0.02,quarter1,2.0,True,True,0.015,2.0,5.0,2.0,90,1.0,0.1,0.0,0.1
326,0.02,quarter1,2.0,True,True,0.02,2.0,1.0,2.0,80,1.0,0.1,0.01,0.0
327,0.05,dime,1.0,True,True,0.015,2.0,2.0,2.0,90,1.0,0.1,0.01,0.1
328,0.05,quarter1,2.0,True,True,0.02,2.0,3.0,2.0,90,1.0,0.1,0.1,0.0
329,0.02,quarter1,1.0,True,True,0.02,2.0,2.0,2.0,90,1.0,0.1,0.01,0.01
330,0.05,dime,1.0,True,True,0.015,2.0,5.0,2.0,90,1.0,0.1,0.1,0.0
331,0.02,quarter1,2.0,True,True,0.015,2.0,5.0,2.0,90,1.0,0.1,0.01,0.0
332,0.02,dime,2.0,True,True,0.02,2.0,2.0,2.0,90,1.0,0.01,0.1,0.01
333,0.02,quarter1,2.0,True,True,0.015,2.0,2.0,2.0,80,1.0,0.1,0.01,0.01
334,0.02,quarter1,2.0,True,True,0.02,2.0,2.0,2.0,90,1.0,0.1,0.0,0.01
335,0.02,quarter1,2.0,True,True,0.025,2.0,2.0,2.0,90,1.0,0.01,0.1,0.0
336,0.02,quarter1,1.0,True,True,0.025,2.0,5.0,2.0,80,1.0,0.1,0.1,0.0
337,0.02,quarter1,2.0,True,False,1.0,1.0,1.0,1.0,80,1.0,0.01,1.0,0.0
338,0.02,dime,2.0,True,False,1.0,1.0,1.0,1.0,90,1.0,0.1,1.0,0.1
339,0.05,quarter1,2.0,True,True,0.025,2.0,5.0,2.0,70,1.0,0.01,0.1,0.0
340,0.02,dime,1.0,True,False,1.0,1.0,1.0,1.0,80,1.0,0.1,0.1,0.1
341,0.05,quarter1,1.0,True,True,0.02,2.0,2.0,2.0,90,1.0,0.1,0.1,0.0
342,0.05,dime,1.0,True,False,1.0,1.0,1.0,1.0,70,1.0,0.1,0.1,0.0
343,0.05,quarter1,1.0,True,True,0.02,2.0,2.0,2.0,80,1.0,0.1,0.01,0.1
344,0.0,quarter1,2.0,True,True,0.015,2.0,5.0,2.0,70,1.0,0.0,1.0,0.0
345,0.05,dime,1.0,True,True,0.015,2.0,5.0,2.0,80,1.0,0.1,0.1,0.01
346,0.0,dime,2.0,True,True,0.02,2.0,1.0,2.0,80,1.0,0.01,0.1,0.0
347,0.05,dime,1.0,True,True,0.015,2.0,5.0,2.0,90,1.0,0.01,0.1,0.0
348,0.05,dime,1.0,True,False,1.0,1.0,1.0,1.0,80,1.0,1.0,0.1,0.1
349,0.05,dime,2.0,True,False,1.0,1.0,1.0,1.0,90,0.1,0.1,0.01,0.0
350,0.05,dime,2.0,True,True,0.015,2.0,1.0,2.0,90,1.0,0.1,0.1,0.1
351,0.05,quarter1,2.0,True,True,0.025,2.0,2.0,2.0,90,1.0,0.1,0.1,0.0
352,0.0,dime,1.0,True,True,0.015,2.0,2.0,2.0,90,1.0,0.1,0.1,0.01
353,0.05,dime,2.0,True,True,0.015,2.0,3.0,2.0,90,1.0,0.1,0.01,0.1
354,0.05,quarter1,1.0,True,True,0.015,2.0,2.0,2.0,80,1.0,0.1,0.01,0.1
355,0.05,quarter1,2.0,True,True,0.015,2.0,2.0,2.0,90,1.0,0.1,0.01,0.01
356,0.02,quarter1,1.0,True,True,0.025,2.0,3.0,2.0,90,1.0,0.1,0.01,0.1
357,0.02,quarter1,2.0,True,True,0.015,2.0,1.0,2.0,90,1.0,0.1,0.1,0.0
358,0.0,dime,2.0,True,True,0.025,2.0,2.0,2.0,80,1.0,0.1,0.01,0.01
359,0.05,quarter1,2.0,True,True,0.025,2.0,2.0,2.0,90,1.0,0.1,0.01,0.01
360,0.05,dime,1.0,True,False,1.0,1.0,1.0,1.0,70,1.0,0.1,1.0,0.1
361,0.02,quarter1,1.0,True,True,0.02,2.0,5.0,2.0,70,1.0,0.01,0.1,0.01
362,0.02,quarter1,2.0,True,True,0.02,2.0,2.0,2.0,90,1.0,0.0,0.1,0.0
363,0.02,dime,2.0,True,True,0.015,2.0,5.0,2.0,70,1.0,0.01,1.0,0.01
364,0.0,dime,1.0,True,True,0.015,2.0,3.0,2.0,80,1.0,0.1,0.1,0.01
365,0.02,dime,2.0,True,True,0.02,2.0,5.0,2.0,90,1.0,0.1,0.1,0.0
366,0.0,dime,2.0,True,True,0.02,2.0,1.0,2.0,80,1.0,0.01,0.1,0.01
367,0.05,quarter1,1.0,True,True,0.015,2.0,5.0,2.0,90,1.0,0.1,0.1,0.1
368,0.0,dime,2.0,True,True,0.015,2.0,1.0,2.0,80,1.0,0.01,0.1,0.1
369,0.05,dime,2.0,True,False,1.0,1.0,1.0,1.0,90,1.0,0.1,0.1,0.01
370,0.0,dime,1.0,True,True,0.015,2.0,2.0,2.0,80,1.0,0.1,0.0,0.1
371,0.02,dime,2.0,True,True,0.025,2.0,5.0,2.0,90,1.0,0.1,0.01,0.0
372,0.05,quarter1,2.0,True,True,0.025,2.0,1.0,2.0,90,1.0,0.1,0.0,0.01
373,0.02,dime,2.0,True,True,0.02,2.0,5.0,2.0,90,1.0,0.01,0.1,0.01
374,0.02,quarter1,1.0,True,True,0.025,2.0,5.0,2.0,90,1.0,0.1,0.0,0.1
375,0.02,dime,2.0,True,True,0.015,2.0,2.0,2.0,80,1.0,0.1,0.0,0.1
376,0.02,dime,1.0,True,False,1.0,1.0,1.0,1.0,70,1.0,0.1,1.0,0.0
377,0.02,dime,1.0,True,False,1.0,1.0,1.0,1.0,80,1.0,1.0,0.1,0.01
378,0.02,quarter1,1.0,True,True,0.025,2.0,3.0,2.0,70,1.0,0.01,0.01,0.0
379,0.02,dime,1.0,True,True,0.015,2.0,2.0,2.0,80,1.0,0.1,0.1,0.1
380,0.0,dime,1.0,True,False,1.0,1.0,1.0,1.0,70,1.0,0.1,1.0,0.1
381,0.0,dime,2.0,True,True,0.02,2.0,2.0,2.0,90,1.0,0.1,0.01,0.01
382,0.02,quarter1,1.0,True,True,0.025,2.0,5.0,2.0,90,1.0,0.1,0.01,0.01
383,0.02,quarter1,1.0,True,False,1.0,1.0,1.0,1.0,80,0.1,0.1,0.1,0.01
384,0.05,dime,1.0,True,True,0.02,2.0,2.0,2.0,90,1.0,0.1,0.1,0.0
385,0.02,dime,2.0,True,True,0.02,2.0,2.0,2.0,80,1.0,0.1,0.0,0.1
386,0.0,dime,1.0,True,False,1.0,1.0,1.0,1.0,80,1.0,1.0,0.1,0.1
387,0.0,dime,1.0,True,False,1.0,1.0,1.0,1.0,70,1.0,0.1,0.1,0.01
388,0.02,dime,1.0,True,True,0.02,2.0,3.0,2.0,90,1.0,0.0,0.1,0.01
389,0.05,quarter1,2.0,True,False,1.0,1.0,1.0,1.0,80,1.0,0.1,1.0,0.01
390,0.02,dime,1.0,True,False,1.0,1.0,1.0,1.0,90,1.0,1.0,0.1,0.1
391,0.02,quarter1,2.0,True,True,0.015,2.0,2.0,2.0,80,1.0,0.1,0.01,0.1
392,0.02,quarter1,1.0,True,True,0.02,2.0,2.0,2.0,90,1.0,0.1,0.1,0.0
393,0.05,quarter1,1.0,True,True,0.025,2.0,3.0,2.0,90,1.0,0.1,0.1,0.1
394,0.02,dime,2.0,True,True,0.02,2.0,2.0,2.0,90,1.0,0.1,0.0,0.1
395,0.05,quarter1,2.0,True,True,0.015,2.0,2.0,2.0,70,1.0,0.01,0.1,0.0
396,0.02,dime,1.0,True,False,1.0,1.0,1.0,1.0,90,1.0,1.0,1.0,0.0
397,0.0,dime,2.0,True,True,0.025,2.0,1.0,2.0,80,1.0,0.01,0.1,0.0
398,0.02,quarter1,2.0,True,True,0.015,2.0,3.0,2.0,80,1.0,0.1,0.01,0.1
399,0.05,quarter1,1.0,True,True,0.02,2.0,2.0,2.0,90,1.0,0.1,0.1,0.01
400,0.02,quarter1,2.0,True,True,0.015,2.0,2.0,2.0,90,1.0,0.1,0.01,0.1
401,0.05,quarter1,1.0,True,True,0.02,2.0,3.0,2.0,90,1.0,0.1,0.1,0.01
402,0.02,dime,2.0,True,True,0.025,2.0,2.0,2.0,90,1.0,0.01,0.1,0.01
403,0.05,dime,1.0,True,True,0.025,2.0,5.0,2.0,90,1.0,0.1,0.01,0.01
404,0.02,quarter1,2.0,True,True,0.015,2.0,1.0,2.0,80,1.0,0.1,0.01,0.01
405,0.05,dime,1.0,True,True,0.015,2.0,2.0,2.0,80,1.0,0.1,0.1,0.0
406,0.05,dime,1.0,True,False,1.0,1.0,1.0,1.0,90,1.0,1.0,0.1,0.1
407,0.05,quarter1,2.0,True,True,0.015,2.0,2.0,2.0,90,1.0,0.1,0.0,0.01
408,0.02,quarter1,2.0,True,True,0.02,2.0,3.0,2.0,90,1.0,0.1,0.1,0.01
409,0.02,quarter1,2.0,True,True,0.025,2.0,1.0,2.0,90,1.0,0.01,0.1,0.01
410,0.05,dime,1.0,True,True,0.025,2.0,2.0,2.0,90,1.0,0.1,0.0,0.01
411,0.05,dime,1.0,True,True,0.02,2.0,5.0,2.0,90,1.0,0.1,0.1,0.0
412,0.05,dime,2.0,True,True,0.025,2.0,3.0,2.0,70,1.0,0.01,0.1,0.0
413,0.05,dime,2.0,True,True,0.025,2.0,3.0,2.0,90,1.0,0.1,0.1,0.1
414,0.0,dime,2.0,True,True,0.015,2.0,1.0,2.0,70,1.0,0.0,0.1,0.0
415,0.05,quarter1,1.0,True,True,0.025,2.0,5.0,2.0,70,1.0,0.1,0.1,0.01
416,0.0,dime,2.0,True,True,0.025,2.0,5.0,2.0,70,1.0,0.01,0.1,0.01
417,0.02,quarter1,2.0,True,False,1.0,1.0,1.0,1.0,70,1.0,0.1,0.01,0.1
418,0.05,dime,2.0,True,True,0.015,2.0,3.0,2.0,90,1.0,0.1,0.1,0.0
419,0.02,dime,1.0,True,True,0.015,2.0,1.0,2.0,80,1.0,0.1,0.01,0.1
420,0.02,dime,1.0,True,False,1.0,1.0,1.0,1.0,70,1.0,0.1,0.1,0.0
421,0.0,dime,2.0,True,True,0.015,2.0,5.0,2.0,90,1.0,0.1,0.0,0.1
422,0.05,dime,1.0,True,True,0.025,2.0,2.0,2.0,90,1.0,0.1,0.1,0.0
423,0.05,quarter1,1.0,True,True,0.015,2.0,1.0,2.0,90,1.0,0.1,0.1,0.0
424,0.02,quarter1,1.0,True,True,0.02,2.0,3.0,2.0,90,1.0,0.1,0.01,0.01
425,0.05,quarter1,1.0,True,True,0.025,2.0,1.0,2.0,80,1.0,0.1,0.01,0.01
426,0.02,dime,1.0,True,False,1.0,1.0,1.0,1.0,90,1.0,1.0,0.0,0.1
427,0.02,dime,2.0,True,True,0.025,2.0,2.0,2.0,80,1.0,0.1,0.01,0.01
428,0.0,dime,2.0,True,True,0.02,2.0,3.0,2.0,80,1.0,0.1,0.0,0.1
429,0.05,dime,1.0,True,True,0.02,2.0,2.0,2.0,90,1.0,0.1,0.01,0.01
430,0.05,dime,1.0,True,True,0.015,2.0,5.0,2.0,90,1.0,0.1,0.01,0.1
431,0.02,quarter1,2.0,True,True,0.015,2.0,2.0,2.0,80,1.0,0.1,0.1,0.0
432,0.0,dime,1.0,True,True,0.015,2.0,2.0,2.0,80,1.0,0.1,0.1,0.01
433,0.02,quarter1,2.0,True,True,0.015,2.0,2.0,2.0,90,1.0,0.1,0.01,0.01
434,0.05,dime,2.0,True,True,0.02,2.0,3.0,2.0,90,1.0,0.1,0.1,0.01
435,0.0,dime,2.0,True,True,0.025,2.0,3.0,2.0,90,1.0,0.1,0.0,0.1
436,0.02,quarter1,2.0,True,True,0.02,2.0,1.0,2.0,80,1.0,0.1,0.01,0.01
437,0.05,quarter1,1.0,True,True,0.025,2.0,2.0,2.0,90,1.0,0.1,0.01,0.1
438,0.0,dime,2.0,True,True,0.015,2.0,5.0,2.0,90,1.0,0.1,0.01,0.1
439,0.02,quarter1,2.0,True,True,0.015,2.0,1.0,2.0,90,1.0,0.1,0.1,0.1
440,0.05,quarter1,2.0,True,True,0.015,2.0,3.0,2.0,90,1.0,0.1,0.1,0.1
441,0.05,quarter1,1.0,True,True,0.025,2.0,3.0,2.0,90,1.0,0.1,0.1,0.0
442,0.02,dime,1.0,True,True,0.015,2.0,5.0,2.0,80,1.0,0.1,0.1,0.1
443,0.05,quarter1,1.0,True,False,1.0,1.0,1.0,1.0,70,1.0,0.1,1.0,0.01
444,0.05,dime,1.0,True,True,0.02,2.0,2.0,2.0,70,1.0,0.01,0.1,0.0
445,0.05,dime,2.0,True,True,0.025,2.0,2.0,2.0,90,1.0,0.1,0.1,0.1
446,0.0,dime,2.0,True,True,0.02,2.0,1.0,2.0,90,1.0,0.1,0.1,0.1
447,0.05,dime,2.0,True,True,0.015,2.0,3.0,2.0,90,1.0,0.1,0.01,0.01
448,0.0,dime,1.0,True,True,0.02,2.0,5.0,2.0,70,1.0,0.01,0.1,0.0
449,0.05,dime,1.0,True,True,0.015,2.0,3.0,2.0,70,1.0,0.1,1.0,0.1
450,0.05,quarter1,1.0,True,False,1.0,1.0,1.0,1.0,80,1.0,0.01,1.0,0.1
451,0.05,quarter1,2.0,True,True,0.02,2.0,3.0,2.0,90,1.0,0.1,0.01,0.0
452,0.02,dime,2.0,True,True,0.025,2.0,5.0,2.0,70,1.0,0.01,0.1,0.1
453,0.02,dime,1.0,True,True,0.025,2.0,2.0,2.0,80,1.0,0.1,0.01,0.01
454,0.02,dime,2.0,True,True,0.02,2.0,2.0,2.0,90,1.0,0.1,0.01,0.1
455,0.02,quarter1,2.0,True,False,1.0,1.0,1.0,1.0,90,1.0,0.1,0.01,0.1
456,0.05,dime,2.0,True,True,0.02,2.0,5.0,2.0,70,1.0,0.01,0.1,0.01
457,0.02,quarter1,2.0,True,False,1.0,1.0,1.0,1.0,90,1.0,0.1,0.1,0.01
458,0.0,dime,2.0,True,True,0.025,2.0,2.0,2.0,80,1.0,0.1,0.0,0.1
459,0.02,quarter1,2.0,True,True,0.025,2.0,2.0,2.0,90,1.0,0.1,0.1,0.1
460,0.0,dime,2.0,True,True,0.015,2.0,2.0,2.0,80,1.0,0.1,0.01,0.1
461,0.0,dime,2.0,True,False,1.0,1.0,1.0,1.0,70,1.0,0.1,0.0,0.1
462,0.05,quarter1,1.0,True,True,0.02,2.0,3.0,2.0,90,1.0,0.1,0.01,0.0
463,0.02,dime,1.0,True,True,0.025,2.0,5.0,2.0,90,1.0,0.1,0.0,0.1
464,0.05,quarter1,1.0,True,True,0.015,2.0,5.0,2.0,70,1.0,0.1,0.1,0.1
465,0.02,dime,1.0,True,True,0.02,2.0,3.0,2.0,90,1.0,0.1,0.01,0.0
466,0.02,dime,2.0,True,True,0.015,2.0,1.0,2.0,90,1.0,0.1,0.01,0.1
467,0.05,quarter1,1.0,True,True,0.02,2.0,3.0,2.0,90,1.0,0.1,0.01,0.1
468,0.05,dime,1.0,True,True,0.015,2.0,1.0,2.0,90,0.1,0.1,0.01,0.01
469,0.05,dime,1.0,True,True,0.015,2.0,3.0,2.0,80,1.0,0.1,0.1,0.01
470,0.0,dime,1.0,True,True,0.02,2.0,3.0,2.0,90,1.0,0.1,0.1,0.01
471,0.05,dime,2.0,True,True,0.025,2.0,2.0,2.0,90,1.0,0.1,0.0,0.01
472,0.05,dime,1.0,True,True,0.02,2.0,5.0,2.0,70,1.0,0.01,0.1,0.01
473,0.02,dime,2.0,True,True,0.015,2.0,5.0,2.0,90,1.0,0.1,0.0,0.1
474,0.05,quarter1,1.0,True,False,1.0,1.0,1.0,1.0,80,1.0,0.0,1.0,0.1
475,0.02,dime,1.0,True,False,1.0,1.0,1.0,1.0,90,1.0,1.0,0.01,0.1
476,0.05,quarter1,2.0,True,True,0.015,2.0,5.0,2.0,70,1.0,0.01,0.1,0.0
477,0.05,dime,1.0,True,True,0.015,2.0,3.0,2.0,90,1.0,0.1,0.1,0.01
478,0.05,dime,1.0,True,True,0.015,2.0,3.0,2.0,70,1.0,0.0,1.0,0.1
479,0.05,dime,1.0,True,False,1.0,1.0,1.0,1.0,70,1.0,0.01,1.0,0.1
480,0.05,dime,2.0,True,True,0.025,2.0,2.0,2.0,90,1.0,0.1,0.01,0.01
481,0.05,quarter1,2.0,True,True,0.015,2.0,1.0,2.0,90,1.0,0.1,0.01,0.0
482,0.05,dime,1.0,True,True,0.015,2.0,5.0,2.0,70,1.0,0.1,0.1,0.1
483,0.05,dime,2.0,True,True,0.025,2.0,3.0,2.0,90,1.0,0.1,0.0,0.1
484,0.02,quarter1,1.0,True,True,0.025,2.0,1.0,2.0,90,1.0,0.1,0.1,0.0
485,0.02,quarter1,2.0,True,False,1.0,1.0,1.0,1.0,80,1.0,0.0,1.0,0.01
486,0.02,quarter1,1.0,True,True,0.025,2.0,2.0,2.0,90,1.0,0.1,0.01,0.0
487,0.02,quarter1,1.0,True,True,0.025,2.0,5.0,2.0,90,1.0,0.1,0.1,0.1
488,0.0,dime,1.0,True,True,0.02,2.0,5.0,2.0,80,1.0,0.1,0.1,0.0
489,0.0,dime,2.0,True,True,0.02,2.0,2.0,2.0,70,1.0,0.1,0.01,0.1
490,0.02,dime,1.0,True,True,0.02,2.0,2.0,2.0,90,1.0,0.1,0.0,0.1
491,0.02,quarter1,1.0,True,True,0.025,2.0,2.0,2.0,80,1.0,0.01,0.1,0.0
492,0.02,dime,1.0,True,True,0.025,2.0,2.0,2.0,90,1.0,0.1,0.01,0.0
493,0.02,dime,1.0,True,True,0.025,2.0,2.0,2.0,90,1.0,0.1,0.1,0.01
494,0.02,quarter1,2.0,True,True,0.02,2.0,3.0,2.0,90,1.0,0.1,0.1,0.0
495,0.02,quarter1,2.0,True,True,0.02,2.0,3.0,2.0,80,1.0,0.1,0.01,0.0
496,0.02,dime,1.0,True,True,0.02,2.0,2.0,2.0,90,1.0,0.1,0.01,0.01
497,0.05,quarter1,2.0,True,True,0.015,2.0,5.0,2.0,90,1.0,0.1,0.1,0.0
498,0.02,quarter1,2.0,True,True,0.02,2.0,1.0,2.0,90,1.0,0.01,0.1,0.0
499,0.05,quarter1,2.0,True,True,0.015,2.0,3.0,2.0,90,1.0,0.1,0.01,0.01
500,0.05,dime,2.0,True,True,0.025,2.0,5.0,2.0,90,1.0,0.1,0.01,0.01
501,0.0,dime,2.0,True,True,0.025,2.0,2.0,2.0,80,1.0,0.01,0.1,0.0
502,0.02,dime,2.0,True,False,1.0,1.0,1.0,1.0,90,1.0,0.1,0.1,0.1
503,0.0,quarter1,1.0,True,True,0.015,2.0,5.0,2.0,70,1.0,0.01,1.0,0.1
504,0.02,dime,2.0,True,True,0.02,2.0,2.0,2.0,80,1.0,0.01,0.1,0.0
505,0.02,dime,1.0,True,False,1.0,1.0,1.0,1.0,70,1.0,0.1,1.0,0.01
506,0.05,dime,2.0,True,False,1.0,1.0,1.0,1.0,90,0.1,0.1,0.01,0.01
507,0.05,quarter1,2.0,True,True,0.02,2.0,2.0,2.0,80,1.0,0.1,0.01,0.0
508,0.02,dime,2.0,True,True,0.02,2.0,1.0,2.0,90,1.0,0.01,0.1,0.0
509,0.0,dime,1.0,True,True,0.015,2.0,1.0,2.0,70,1.0,0.1,0.01,0.1
510,0.0,dime,2.0,True,True,0.015,2.0,5.0,2.0,90,1.0,0.1,0.1,0.01
511,0.05,quarter1,2.0,True,True,0.02,2.0,5.0,2.0,70,1.0,0.1,0.1,0.1
512,0.05,quarter1,2.0,True,True,0.015,2.0,5.0,2.0,80,1.0,0.1,0.1,0.0
513,0.05,quarter1,2.0,True,True,0.02,2.0,2.0,2.0,90,1.0,0.1,0.01,0.01
514,0.02,dime,1.0,True,False,1.0,1.0,1.0,1.0,90,1.0,1.0,1.0,0.1
515,0.0,dime,2.0,True,True,0.02,2.0,5.0,2.0,90,1.0,0.01,0.1,0.01
516,0.05,dime,2.0,True,True,0.015,2.0,1.0,2.0,80,1.0,0.1,0.01,0.1
517,0.05,dime,1.0,True,True,0.015,2.0,3.0,2.0,70,1.0,0.1,1.0,1.0
518,0.05,quarter1,1.0,True,False,1.0,1.0,1.0,1.0,80,1.0,0.0,1.0,0.01
519,0.05,quarter1,2.0,True,False,1.0,1.0,1.0,1.0,80,1.0,0.1,1.0,0.0
520,0.02,quarter1,2.0,True,True,0.02,2.0,2.0,2.0,90,1.0,0.1,0.0,0.1
521,0.05,quarter1,2.0,True,True,0.015,2.0,2.0,2.0,90,1.0,0.01,0.1,0.0
522,0.02,quarter1,2.0,True,True,0.025,2.0,2.0,2.0,90,1.0,0.01,0.1,0.01
523,0.02,quarter1,1.0,True,True,0.02,2.0,2.0,2.0,80,1.0,0.01,0.1,0.0
524,0.05,dime,2.0,True,True,0.02,2.0,2.0,2.0,90,1.0,0.1,0.0,0.1
525,0.05,quarter1,2.0,True,True,0.02,2.0,5.0,2.0,90,1.0,0.1,0.1,0.1
526,0.0,dime,1.0,True,True,0.015,2.0,1.0,2.0,70,1.0,0.01,0.1,0.0
527,0.02,quarter1,1.0,True,True,0.015,2.0,5.0,2.0,80,1.0,0.1,0.1,0.1
528,0.05,dime,1.0,True,True,0.025,2.0,3.0,2.0,90,1.0,0.1,0.1,0.01
529,0.02,dime,1.0,True,False,1.0,1.0,1.0,1.0,80,0.1,0.1,0.0,0.1
530,0.0,dime,2.0,True,True,0.02,2.0,3.0,2.0,90,1.0,0.1,0.1,0.1
531,0.05,quarter1,1.0,True,True,0.02,2.0,2.0,2.0,90,1.0,0.1,0.01,0.0
532,0.0,dime,2.0,True,True,0.025,2.0,1.0,2.0,80,1.0,0.1,0.01,0.01
533,0.02,quarter1,2.0,True,True,0.015,2.0,5.0,2.0,90,1.0,0.1,0.01,0.1
534,0.02,dime,1.0,True,True,0.015,2.0,3.0,2.0,70,1.0,0.01,1.0,0.1
535,0.05,quarter1,2.0,True,False,1.0,1.0,1.0,1.0,90,1.0,0.1,0.1,0.1
536,0.02,dime,1.0,True,True,0.025,2.0,2.0,2.0,90,1.0,0.01,0.1,0.01
537,0.02,dime,2.0,True,True,0.025,2.0,5.0,2.0,90,1.0,0.01,0.1,0.0
538,0.05,quarter1,2.0,True,True,0.015,2.0,2.0,2.0,80,1.0,0.1,0.01,0.1
539,0.05,quarter1,2.0,True,True,0.015,2.0,2.0,2.0,90,1.0,0.1,0.1,0.01
540,0.02,quarter1,2.0,True,True,0.02,2.0,1.0,2.0,90,1.0,0.1,0.0,0.01
541,0.02,quarter1,1.0,True,True,0.025,2.0,1.0,2.0,90,1.0,0.01,0.1,0.01
542,0.0,dime,1.0,True,False,1.0,1.0,1.0,1.0,70,1.0,0.1,1.0,0.0
543,0.02,dime,1.0,True,True,0.015,2.0,3.0,2.0,80,1.0,0.1,0.01,0.0
544,0.02,quarter1,1.0,True,True,0.015,2.0,1.0,2.0,80,1.0,0.1,0.01,0.01
545,0.02,dime,1.0,True,False,1.0,1.0,1.0,1.0,80,1.0,0.1,0.1,0.0
546,0.05,dime,2.0,True,True,0.025,2.0,3.0,2.0,90,1.0,0.1,0.01,0.0
547,0.0,dime,2.0,True,True,0.025,2.0,5.0,2.0,90,1.0,0.1,0.01,0.01
548,0.02,quarter1,2.0,True,False,1.0,1.0,1.0,1.0,80,1.0,0.1,0.1,0.0
549,0.05,quarter1,2.0,True,True,0.015,2.0,3.0,2.0,80,1.0,0.1,0.1,0.1
550,0.02,dime,2.0,True,True,0.02,2.0,5.0,2.0,90,1.0,0.1,0.01,0.01
551,0.05,quarter1,1.0,True,True,0.02,2.0,2.0,2.0,90,1.0,0.1,0.1,0.1
552,0.05,dime,2.0,True,True,0.025,2.0,5.0,2.0,90,1.0,0.1,0.1,0.0
553,0.05,dime,1.0,True,True,0.02,2.0,5.0,2.0,70,1.0,0.01,0.1,0.0
554,0.05,quarter1,2.0,True,True,0.025,2.0,3.0,2.0,90,1.0,0.1,0.0,0.01
555,0.05,quarter1,1.0,True,True,0.02,2.0,3.0,2.0,90,1.0,0.1,0.0,0.1
556,0.05,quarter1,2.0,True,True,0.02,2.0,1.0,2.0,90,1.0,0.1,0.01,0.1
557,0.02,dime,2.0,True,True,0.02,2.0,3.0,2.0,90,1.0,0.1,0.1,0.1
558,0.02,quarter1,1.0,True,True,0.015,2.0,5.0,2.0,90,1.0,0.1,0.1,0.0
559,0.05,dime,2.0,True,True,0.02,2.0,3.0,2.0,90,1.0,0.1,0.1,0.0
560,0.05,dime,1.0,True,True,0.015,2.0,2.0,2.0,80,1.0,0.1,0.01,0.1
561,0.0,dime,1.0,True,False,1.0,1.0,1.0,1.0,90,1.0,1.0,0.1,0.1
562,0.0,dime,2.0,True,True,0.02,2.0,3.0,2.0,70,1.0,0.01,0.1,0.01
563,0.0,dime,1.0,True,True,0.015,2.0,1.0,2.0,90,1.0,0.1,0.1,0.1
564,0.02,quarter1,2.0,True,True,0.015,2.0,3.0,2.0,90,1.0,0.1,0.0,0.01
565,0.05,dime,1.0,True,True,0.015,2.0,1.0,2.0,90,1.0,0.1,0.1,0.0
566,0.05,dime,2.0,True,True,0.015,2.0,2.0,2.0,80,1.0,0.1,0.0,0.1
567,0.02,dime,2.0,True,True,0.02,2.0,5.0,2.0,70,1.0,0.01,0.1,0.0
568,0.05,dime,2.0,True,True,0.015,2.0,1.0,2.0,90,1.0,0.1,0.1,0.0
569,0.02,quarter1,1.0,True,False,1.0,1.0,1.0,1.0,70,1.0,0.1,0.1,0.01
570,0.05,dime,1.0,True,True,0.025,2.0,2.0,2.0,90,1.0,0.1,0.01,0.1
571,0.05,dime,2.0,True,False,1.0,1.0,1.0,1.0,70,1.0,0.1,0.1,0.1
572,0.05,dime,1.0,True,True,0.025,2.0,5.0,2.0,90,1.0,0.1,0.1,0.01
573,0.02,dime,1.0,True,True,0.015,2.0,2.0,2.0,80,1.0,0.1,0.1,0.0
574,0.05,dime,2.0,True,True,0.015,2.0,5.0,2.0,90,1.0,0.1,0.01,0.0
575,0.0,dime,1.0,True,True,0.015,2.0,3.0,2.0,80,1.0,0.1,0.01,0.01
576,0.02,dime,2.0,True,True,0.015,2.0,3.0,2.0,70,1.0,0.01,0.1,0.1
577,0.02,quarter1,1.0,True,True,0.015,2.0,5.0,2.0,70,1.0,0.1,0.1,0.01
578,0.0,dime,2.0,True,True,0.015,2.0,3.0,2.0,90,1.0,0.1,0.1,0.1
579,0.02,dime,1.0,True,True,0.025,2.0,2.0,2.0,90,1.0,0.1,0.0,0.01
580,0.02,quarter1,1.0,True,True,0.02,2.0,2.0,2.0,80,1.0,0.1,0.01,0.1
581,0.05,dime,1.0,True,True,0.015,2.0,3.0,2.0,70,1.0,0.01,1.0,0.01
582,0.0,dime,2.0,True,True,0.025,2.0,3.0,2.0,90,1.0,0.1,0.01,0.01
583,0.05,dime,2.0,True,False,1.0,1.0,1.0,1.0,90,1.0,1.0,1.0,0.01
584,0.02,quarter1,2.0,True,False,1.0,1.0,1.0,1.0,80,1.0,0.1,0.1,0.01
585,0.02,quarter1,1.0,True,True,0.015,2.0,1.0,2.0,90,1.0,0.1,0.01,0.1
586,0.02,quarter1,2.0,True,False,1.0,1.0,1.0,1.0,70,1.0,0.1,1.0,0.0
587,0.05,quarter1,2.0,True,True,0.025,2.0,3.0,2.0,90,1.0,0.1,0.01,0.0
588,0.0,dime,2.0,True,True,0.025,2.0,2.0,2.0,80,1.0,0.1,0.01,0.0
589,0.02,quarter1,2.0,True,False,1.0,1.0,1.0,1.0,70,1.0,0.0,1.0,0.1
590,0.05,quarter1,1.0,True,True,0.025,2.0,2.0,2.0,90,1.0,0.1,0.0,0.01
591,0.0,dime,1.0,True,True,0.025,2.0,5.0,2.0,70,1.0,0.01,0.1,0.0
592,0.02,quarter1,1.0,True,True,0.025,2.0,3.0,2.0,90,1.0,0.1,0.1,0.0
593,0.02,quarter1,2.0,True,True,0.015,2.0,1.0,2.0,70,1.0,0.01,0.1,0.1
594,0.05,quarter1,2.0,True,True,0.025,2.0,2.0,2.0,90,1.0,0.1,0.01,0.1
595,0.05,quarter1,1.0,True,True,0.025,2.0,3.0,2.0,90,1.0,0.1,0.01,0.0
596,0.05,dime,1.0,True,True,0.02,2.0,2.0,2.0,90,1.0,0.01,0.1,0.0
597,0.02,dime,1.0,True,False,1.0,1.0,1.0,1.0,90,1.0,1.0,0.01,0.01
598,0.05,dime,2.0,True,True,0.015,2.0,1.0,2.0,90,1.0,0.1,0.01,0.1
599,0.02,quarter1,2.0,True,True,0.02,2.0,3.0,2.0,90,1.0,0.1,0.01,0.1
600,0.02,quarter1,2.0,True,True,0.02,2.0,2.0,2.0,80,1.0,0.1,0.01,0.01
601,0.02,quarter1,1.0,True,True,0.02,2.0,3.0,2.0,90,1.0,0.1,0.1,0.0
602,0.0,dime,2.0,True,True,0.02,2.0,3.0,2.0,80,1.0,0.0,0.1,0.01
603,0.02,dime,2.0,True,False,1.0,1.0,1.0,1.0,90,0.1,0.1,0.01,0.1
604,0.02,dime,1.0,True,True,0.025,2.0,2.0,2.0,80,1.0,0.1,0.01,0.1
605,0.05,dime,1.0,True,True,0.025,2.0,5.0,2.0,90,1.0,0.1,0.1,0.1
606,0.02,dime,1.0,True,False,1.0,1.0,1.0,1.0,90,1.0,1.0,1.0,0.01
607,0.05,dime,1.0,True,True,0.025,2.0,5.0,2.0,70,1.0,0.1,0.1,0.0
608,0.02,quarter1,2.0,True,True,0.015,2.0,1.0,2.0,80,1.0,0.01,0.1,0.0
609,0.02,dime,2.0,True,True,0.025,2.0,2.0,2.0,80,1.0,0.1,0.0,0.1
610,0.02,quarter1,1.0,True,True,0.015,2.0,5.0,2.0,80,1.0,1.0,0.1,0.0
611,0.0,dime,2.0,True,True,0.015,2.0,1.0,2.0,70,1.0,0.1,0.01,0.1
612,0.05,dime,1.0,True,False,1.0,1.0,1.0,1.0,70,1.0,0.0,1.0,0.0
613,0.0,dime,1.0,True,True,0.025,2.0,5.0,2.0,90,1.0,0.1,0.01,0.1
614,0.02,dime,2.0,True,True,0.025,2.0,3.0,2.0,90,1.0,0.1,0.01,0.0
615,0.02,dime,2.0,True,True,0.015,2.0,2.0,2.0,90,1.0,0.1,0.01,0.1
616,0.0,dime,1.0,True,True,0.02,2.0,2.0,2.0,80,1.0,0.1,0.01,0.01
617,0.05,quarter1,1.0,True,True,0.025,2.0,5.0,2.0,90,1.0,0.1,0.0,0.1
618,0.02,dime,1.0,True,True,0.015,2.0,5.0,2.0,70,1.0,0.01,1.0,0.0
619,0.0,dime,1.0,True,True,0.015,2.0,2.0,2.0,80,1.0,0.1,0.0,0.01
620,0.05,dime,2.0,True,True,0.02,2.0,5.0,2.0,90,1.0,0.1,0.01,0.0
621,0.05,dime,2.0,True,True,0.015,2.0,2.0,2.0,80,1.0,0.1,0.01,0.01
622,0.0,dime,2.0,True,True,0.02,2.0,2.0,2.0,70,1.0,0.1,0.0,0.1
623,0.05,dime,1.0,True,True,0.025,2.0,5.0,2.0,90,1.0,0.1,0.1,0.0
624,0.05,dime,1.0,True,True,0.02,2.0,1.0,2.0,90,1.0,0.1,0.1,0.1
625,0.05,quarter1,2.0,True,True,0.015,2.0,2.0,2.0,90,1.0,0.1,0.01,0.0
626,0.05,quarter1,1.0,True,True,0.015,2.0,1.0,2.0,90,1.0,0.1,0.1,0.1
627,0.02,dime,1.0,True,True,0.015,2.0,3.0,2.0,70,1.0,0.0,1.0,0.0
628,0.0,dime,1.0,True,False,1.0,1.0,1.0,1.0,80,0.1,0.1,0.1,0.01
629,0.02,dime,2.0,True,True,0.015,2.0,3.0,2.0,80,1.0,0.1,0.01,0.1
630,0.02,dime,2.0,True,True,0.02,2.0,2.0,2.0,80,1.0,0.1,0.01,0.01
631,0.05,quarter1,1.0,True,True,0.02,2.0,5.0,2.0,90,1.0,0.1,0.1,0.1
632,0.05,quarter1,1.0,True,True,0.02,2.0,1.0,2.0,90,1.0,0.1,0.01,0.1
633,0.0,dime,1.0,True,True,0.015,2.0,3.0,2.0,90,1.0,0.1,0.1,0.0
634,0.02,dime,2.0,True,True,0.015,2.0,1.0,2.0,80,1.0,0.01,0.1,0.1
635,0.0,dime,2.0,True,True,0.02,2.0,2.0,2.0,90,1.0,0.01,0.1,0.01
636,0.02,dime,1.0,True,True,0.025,2.0,3.0,2.0,90,1.0,0.1,0.01,0.0
637,0.02,quarter1,1.0,True,True,0.025,2.0,5.0,2.0,70,1.0,0.01,0.1,0.01
638,0.05,dime,2.0,True,False,1.0,1.0,1.0,1.0,90,0.1,0.1,0.01,0.1
639,0.0,dime,2.0,True,True,0.02,2.0,5.0,2.0,90,1.0,0.1,0.1,0.1
640,0.05,quarter1,1.0,True,True,0.025,2.0,5.0,2.0,70,1.0,0.01,0.1,0.01
641,0.05,dime,1.0,True,True,0.015,2.0,2.0,2.0,80,1.0,0.1,0.1,0.01
642,0.05,quarter1,1.0,True,True,0.02,2.0,5.0,2.0,70,1.0,0.01,0.1,0.0
643,0.05,dime,2.0,True,True,0.02,2.0,2.0,2.0,90,1.0,0.1,0.1,0.1
644,0.02,dime,2.0,True,True,0.025,2.0,3.0,2.0,90,1.0,0.1,0.0,0.01
645,0.02,dime,2.0,True,True,0.02,2.0,2.0,2.0,90,1.0,0.01,0.1,0.0
646,0.05,quarter1,2.0,True,True,0.015,2.0,2.0,2.0,80,1.0,0.1,0.01,0.01
647,0.02,quarter1,2.0,True,True,0.025,2.0,2.0,2.0,90,1.0,0.1,0.01,0.0
648,0.05,dime,2.0,True,True,0.015,2.0,2.0,2.0,90,1.0,0.1,0.1,0.1
649,0.05,quarter1,1.0,True,False,1.0,1.0,1.0,1.0,80,1.0,0.1,1.0,0.1
650,0.02,quarter1,1.0,True,True,0.015,2.0,1.0,2.0,80,1.0,0.1,0.01,0.1
651,0.05,dime,1.0,True,True,0.02,2.0,2.0,2.0,80,1.0,0.01,0.1,0.0
652,0.05,quarter1,1.0,True,False,1.0,1.0,1.0,1.0,80,1.0,0.1,1.0,0.0
653,0.05,quarter1,2.0,True,True,0.015,2.0,2.0,2.0,80,1.0,0.1,0.0,0.1
654,0.05,dime,1.0,True,False,1.0,1.0,1.0,1.0,70,1.0,0.1,1.0,0.01
655,0.02,dime,2.0,True,False,1.0,1.0,1.0,1.0,90,1.0,1.0,1.0,0.1
656,0.05,dime,2.0,True,True,0.02,2.0,3.0,2.0,80,1.0,0.0,0.1,0.0
657,0.05,dime,1.0,True,True,0.015,2.0,3.0,2.0,90,1.0,0.1,0.1,0.1
658,0.0,dime,2.0,True,False,1.0,1.0,1.0,1.0,70,1.0,0.1,0.01,0.1
659,0.05,quarter1,2.0,True,True,0.015,2.0,3.0,2.0,90,1.0,0.1,0.01,0.0
660,0.05,quarter1,2.0,True,True,0.015,2.0,2.0,2.0,90,1.0,0.1,0.1,0.0
661,0.02,dime,2.0,True,True,0.015,2.0,5.0,2.0,70,1.0,0.1,1.0,0.0
662,0.0,dime,1.0,True,True,0.02,2.0,1.0,2.0,80,1.0,0.0,0.1,0.01
663,0.05,quarter1,2.0,True,True,0.015,2.0,5.0,2.0,90,1.0,0.01,0.1,0.0
664,0.0,dime,2.0,True,True,0.02,2.0,5.0,2.0,90,1.0,0.1,0.01,0.0
665,0.02,quarter1,1.0,True,True,0.02,2.0,5.0,2.0,70,1.0,0.01,0.1,0.0
666,0.0,dime,2.0,True,True,0.025,2.0,3.0,2.0,90,1.0,0.1,0.01,0.1
667,0.02,quarter1,1.0,True,True,0.015,2.0,2.0,2.0,90,1.0,0.1,0.01,0.1
668,0.05,dime,1.0,True,True,0.02,2.0,2.0,2.0,90,1.0,0.1,0.1,0.1
669,0.02,dime,2.0,True,True,0.02,2.0,3.0,2.0,90,1.0,0.1,0.01,0.0
670,0.05,dime,2.0,True,True,0.015,2.0,5.0,2.0,90,1.0,0.1,0.1,0.1
671,0.05,dime,2.0,True,True,0.02,2.0,5.0,2.0,90,1.0,0.1,0.01,0.01
672,0.05,dime,2.0,True,True,0.02,2.0,3.0,2.0,70,1.0,0.01,0.1,0.01
673,0.0,quarter1,1.0,True,True,0.02,2.0,5.0,2.0,70,1.0,0.1,1.0,0.0
674,0.02,dime,1.0,True,True,0.025,2.0,2.0,2.0,80,1.0,0.01,0.1,0.01
675,0.02,dime,1.0,True,True,0.02,2.0,2.0,2.0,80,1.0,0.01,0.1,0.01
676,0.02,dime,1.0,True,True,0.015,2.0,3.0,2.0,90,1.0,0.1,0.01,0.1
677,0.0,dime,1.0,True,True,0.015,2.0,1.0,2.0,70,1.0,0.1,0.0,0.1
678,0.05,quarter1,2.0,True,False,1.0,1.0,1.0,1.0,70,1.0,0.1,0.01,0.1
679,0.05,dime,2.0,True,True,0.02,2.0,2.0,2.0,90,1.0,0.01,0.1,0.0
680,0.02,quarter1,2.0,True,True,0.025,2.0,1.0,2.0,90,1.0,0.1,0.0,0.01
681,0.02,dime,2.0,True,True,0.02,2.0,3.0,2.0,90,1.0,0.1,0.01,0.01
682,0.05,dime,1.0,True,True,0.025,2.0,2.0,2.0,90,1.0,0.1,0.1,0.01
683,0.02,dime,1.0,True,True,0.02,2.0,2.0,2.0,80,1.0,0.1,0.0,0.1
684,0.05,dime,1.0,True,True,0.025,2.0,3.0,2.0,90,1.0,0.1,0.1,0.1
685,0.02,quarter1,1.0,True,True,0.025,2.0,2.0,2.0,90,1.0,0.1,0.1,0.1
686,0.0,dime,2.0,True,True,0.02,2.0,5.0,2.0,70,1.0,0.01,0.1,0.0
687,0.02,dime,2.0,True,True,0.02,2.0,1.0,2.0,70,1.0,0.01,0.1,0.1
688,0.05,quarter1,2.0,True,True,0.015,2.0,5.0,2.0,90,1.0,0.1,0.01,0.01
689,0.02,quarter1,2.0,True,True,0.025,2.0,3.0,2.0,90,1.0,0.1,0.1,0.0
690,0.02,dime,2.0,True,True,0.02,2.0,5.0,2.0,90,1.0,0.1,0.0,0.01
691,0.05,quarter1,2.0,True,True,0.025,2.0,2.0,2.0,90,1.0,0.1,0.1,0.01
692,0.0,dime,1.0,True,True,0.015,2.0,2.0,2.0,70,1.0,0.1,0.1,0.1
693,0.0,dime,1.0,True,False,1.0,1.0,1.0,1.0,70,1.0,0.1,0.1,0.1
694,0.0,dime,1.0,True,True,0.02,2.0,1.0,2.0,90,1.0,0.01,0.1,0.0
695,0.05,dime,1.0,True,False,1.0,1.0,1.0,1.0,80,1.0,1.0,0.1,0.0
696,0.02,dime,1.0,True,False,1.0,1.0,1.0,1.0,80,1.0,0.1,1.0,0.01
697,0.05,quarter1,2.0,True,True,0.02,2.0,2.0,2.0,90,1.0,0.1,0.0,0.1
698,0.0,dime,1.0,True,False,1.0,1.0,1.0,1.0,70,1.0,0.1,1.0,0.01
699,0.0,dime,1.0,True,True,0.025,2.0,5.0,2.0,90,1.0,0.1,0.0,0.1
700,0.02,dime,2.0,True,False,1.0,1.0,1.0,1.0,90,0.1,0.1,0.01,0.01
701,0.02,dime,1.0,True,False,1.0,1.0,1.0,1.0,90,1.0,1.0,0.0,0.0
702,0.05,dime,1.0,True,True,0.025,2.0,2.0,2.0,90,1.0,0.1,0.01,0.01
703,0.05,quarter1,2.0,True,True,0.015,2.0,5.0,2.0,90,1.0,0.01,0.1,0.01
704,0.05,dime,1.0,True,True,0.015,2.0,2.0,2.0,90,1.0,0.1,0.1,0.1
705,0.0,dime,1.0,True,True,0.02,2.0,1.0,2.0,80,1.0,0.0,0.1,0.0
706,0.02,dime,1.0,True,True,0.025,2.0,3.0,2.0,90,1.0,0.1,0.0,0.1
707,0.05,dime,2.0,True,False,1.0,1.0,1.0,1.0,80,1.0,0.1,0.01,0.1
708,0.02,dime,1.0,True,True,0.02,2.0,2.0,2.0,90,1.0,0.01,0.1,0.01
709,0.05,dime,1.0,True,True,0.015,2.0,3.0,2.0,80,1.0,0.1,0.1,0.0
710,0.02,quarter1,1.0,True,True,0.015,2.0,2.0,2.0,90,1.0,0.01,0.1,0.0
711,0.0,dime,1.0,True,True,0.02,2.0,3.0,2.0,90,1.0,0.01,0.1,0.0
712,0.05,dime,2.0,True,True,0.015,2.0,2.0,2.0,80,1.0,0.1,0.01,0.1
713,0.02,dime,2.0,True,True,0.025,2.0,2.0,2.0,80,1.0,0.1,0.01,0.0
714,0.02,dime,1.0,True,True,0.025,2.0,5.0,2.0,90,1.0,0.1,0.01,0.0
715,0.05,dime,2.0,True,False,1.0,1.0,1.0,1.0,80,1.0,0.1,0.0,0.1
716,0.0,dime,2.0,True,True,0.02,2.0,1.0,2.0,90,1.0,0.01,0.1,0.01
717,0.05,quarter1,1.0,True,False,1.0,1.0,1.0,1.0,90,1.0,1.0,1.0,0.1
718,0.05,dime,2.0,True,True,0.02,2.0,3.0,2.0,80,1.0,0.1,0.01,0.1
719,0.05,quarter1,1.0,True,True,0.015,2.0,5.0,2.0,80,1.0,0.1,0.01,0.1
720,0.02,quarter1,2.0,True,False,1.0,1.0,1.0,1.0,80,1.0,0.1,1.0,0.1
721,0.05,dime,2.0,True,False,1.0,1.0,1.0,1.0,80,1.0,1.0,0.01,0.1
722,0.0,dime,1.0,True,True,0.015,2.0,3.0,2.0,80,1.0,0.1,0.0,0.01
723,0.02,quarter1,1.0,True,True,0.02,2.0,2.0,2.0,90,1.0,0.1,0.01,0.0
724,0.02,dime,1.0,True,True,0.025,2.0,3.0,2.0,90,1.0,0.1,0.01,0.01
725,0.0,dime,1.0,True,True,0.015,2.0,2.0,2.0,80,1.0,0.1,0.01,0.1
726,0.02,quarter1,1.0,True,True,0.015,2.0,1.0,2.0,90,1.0,0.1,0.01,0.01
727,0.05,quarter1,2.0,True,True,0.015,2.0,1.0,2.0,90,1.0,0.1,0.1,0.1
728,0.02,dime,2.0,True,True,0.015,2.0,5.0,2.0,90,1.0,0.1,0.01,0.1
729,0.0,dime,2.0,True,True,0.02,2.0,1.0,2.0,80,1.0,0.0,0.1,0.01
730,0.05,quarter1,1.0,True,True,0.02,2.0,3.0,2.0,90,1.0,0.01,0.1,0.01
731,0.05,dime,1.0,True,True,0.025,2.0,5.0,2.0,70,1.0,0.1,0.1,0.1
732,0.02,quarter1,2.0,True,True,0.025,2.0,3.0,2.0,90,1.0,0.1,0.0,0.01
733,0.02,quarter1,1.0,True,True,0.02,2.0,5.0,2.0,90,1.0,0.1,0.01,0.01
734,0.02,quarter1,1.0,True,True,0.02,2.0,1.0,2.0,90,1.0,0.01,0.1,0.0
735,0.02,quarter1,2.0,True,True,0.02,2.0,5.0,2.0,70,1.0,0.01,0.1,0.01
736,0.02,dime,1.0,True,True,0.025,2.0,5.0,2.0,90,1.0,0.1,0.1,0.1
737,0.0,dime,1.0,True,True,0.02,2.0,3.0,2.0,90,1.0,0.1,0.1,0.0
738,0.05,dime,2.0,True,True,0.025,2.0,2.0,2.0,80,1.0,0.1,0.01,0.01
739,0.05,quarter1,1.0,True,True,0.025,2.0,3.0,2.0,90,1.0,0.1,0.0,0.1
740,0.05,quarter1,2.0,True,False,1.0,1.0,1.0,1.0,90,1.0,0.1,0.01,0.1
741,0.05,quarter1,2.0,True,True,0.02,2.0,1.0,2.0,90,1.0,0.1,0.01,0.01
742,0.0,dime,2.0,True,True,0.02,2.0,3.0,2.0,90,1.0,0.1,0.01,0.0
743,0.02,dime,1.0,True,True,0.025,2.0,5.0,2.0,90,1.0,0.1,0.1,0.01
744,0.02,dime,1.0,True,True,0.025,2.0,5.0,2.0,70,1.0,0.01,0.1,0.0
745,0.05,quarter1,2.0,True,True,0.025,2.0,5.0,2.0,90,1.0,0.1,0.1,0.01
746,0.05,dime,1.0,True,True,0.025,2.0,5.0,2.0,90,1.0,0.1,0.01,0.0
747,0.05,quarter1,2.0,True,True,0.015,2.0,5.0,2.0,90,1.0,0.1,0.1,0.1
748,0.05,dime,1.0,True,False,1.0,1.0,1.0,1.0,80,1.0,0.1,0.1,0.0
749,0.0,dime,2.0,True,True,0.02,2.0,1.0,2.0,80,1.0,0.1,0.01,0.1
750,0.05,quarter1,1.0,True,True,0.015,2.0,2.0,2.0,90,1.0,0.1,0.1,0.0
751,0.0,dime,2.0,True,True,0.025,2.0,3.0,2.0,90,1.0,0.1,0.01,0.0
752,0.0,dime,1.0,True,True,0.02,2.0,5.0,2.0,90,1.0,0.1,0.1,0.0
753,0.05,quarter1,1.0,True,True,0.02,2.0,1.0,2.0,90,1.0,0.1,0.1,0.01
754,0.02,dime,2.0,True,True,0.025,2.0,3.0,2.0,90,1.0,0.1,0.0,0.1
755,0.02,dime,1.0,True,True,0.025,2.0,2.0,2.0,80,1.0,0.1,0.01,0.0
756,0.02,quarter1,2.0,True,True,0.015,2.0,5.0,2.0,90,1.0,0.1,0.1,0.01
757,0.0,dime,2.0,True,True,0.025,2.0,3.0,2.0,90,1.0,0.1,0.1,0.0
758,0.05,dime,1.0,True,True,0.025,2.0,1.0,2.0,90,1.0,0.01,0.1,0.01
759,0.0,dime,1.0,True,True,0.025,2.0,1.0,2.0,90,1.0,0.01,0.1,0.0
760,0.02,quarter1,1.0,True,True,0.025,2.0,2.0,2.0,90,1.0,0.1,0.1,0.0
761,0.02,quarter1,1.0,True,True,0.025,2.0,1.0,2.0,90,1.0,0.1,0.1,0.1
762,0.02,quarter1,2.0,True,True,0.025,2.0,3.0,2.0,90,1.0,0.1,0.01,0.01
763,0.02,quarter1,2.0,True,True,0.02,2.0,1.0,2.0,90,1.0,0.1,0.01,0.01
764,0.02,dime,2.0,True,True,0.025,2.0,5.0,2.0,90,1.0,0.1,0.1,0.1
765,0.05,dime,2.0,True,True,0.025,2.0,3.0,2.0,90,1.0,0.01,0.1,0.0
766,0.02,dime,2.0,True,True,0.025,2.0,2.0,2.0,90,1.0,0.1,0.01,0.0
767,0.05,dime,2.0,True,True,0.02,2.0,2.0,2.0,90,1.0,0.1,0.01,0.1
768,0.0,dime,2.0,True,True,0.015,2.0,1.0,2.0,80,1.0,0.01,0.1,0.01
769,0.02,quarter1,2.0,True,True,0.02,2.0,2.0,2.0,90,1.0,0.1,0.01,0.01
770,0.0,dime,2.0,True,True,0.02,2.0,1.0,2.0,90,1.0,0.01,0.1,0.0
771,0.02,dime,1.0,True,False,1.0,1.0,1.0,1.0,80,1.0,0.1,1.0,0.0
772,0.05,dime,2.0,True,True,0.02,2.0,5.0,2.0,90,1.0,0.1,0.01,0.1
773,0.02,dime,1.0,True,True,0.015,2.0,5.0,2.0,90,1.0,0.1,0.1,0.1
774,0.02,dime,2.0,True,True,0.015,2.0,2.0,2.0,90,1.0,0.1,0.1,0.01
775,0.05,dime,2.0,True,True,0.025,2.0,5.0,2.0,90,1.0,0.1,0.0,0.1
776,0.02,quarter1,1.0,True,True,0.02,2.0,1.0,2.0,90,1.0,0.1,0.1,0.0
777,0.0,dime,1.0,True,False,1.0,1.0,1.0,1.0,80,1.0,0.1,1.0,0.1
778,0.02,quarter1,1.0,True,True,0.02,2.0,1.0,2.0,80,1.0,0.0,0.1,0.0
779,0.0,dime,1.0,True,True,0.02,2.0,2.0,2.0,90,1.0,0.1,0.1,0.1
780,0.02,dime,2.0,True,True,0.015,2.0,5.0,2.0,70,1.0,0.1,1.0,0.01
781,0.05,dime,1.0,True,False,1.0,1.0,1.0,1.0,80,1.0,1.0,0.01,0.1
782,0.05,dime,2.0,True,True,0.025,2.0,2.0,2.0,90,1.0,0.1,0.1,0.01
783,0.05,quarter1,1.0,True,True,0.02,2.0,2.0,2.0,90,1.0,0.1,0.0,0.1
784,0.05,quarter1,2.0,True,True,0.02,2.0,1.0,2.0,90,1.0,0.1,0.01,0.0
785,0.05,dime,1.0,True,True,0.02,2.0,3.0,2.0,90,1.0,0.1,0.0,0.1
786,0.02,dime,1.0,True,True,0.015,2.0,2.0,2.0,70,1.0,0.1,0.1,0.01
787,0.05,dime,1.0,True,True,0.025,2.0,2.0,2.0,90,1.0,0.1,0.0,0.1
788,0.05,dime,2.0,True,True,0.025,2.0,2.0,2.0,90,1.0,0.1,0.01,0.0
789,0.0,quarter1,1.0,True,True,0.015,2.0,5.0,2.0,70,1.0,0.01,1.0,0.01
790,0.02,dime,2.0,True,True,0.015,2.0,1.0,2.0,90,1.0,0.1,0.1,0.0
791,0.02,quarter1,2.0,True,True,0.015,2.0,5.0,2.0,80,1.0,0.1,0.1,0.1
792,0.05,quarter1,1.0,True,False,1.0,1.0,1.0,1.0,80,1.0,0.01,1.0,0.0
793,0.05,quarter1,1.0,True,True,0.025,2.0,1.0,2.0,80,1.0,0.1,0.01,0.0
794,0.05,dime,2.0,True,True,0.02,2.0,5.0,2.0,90,1.0,0.1,0.1,0.01
795,0.05,dime,2.0,True,True,0.02,2.0,5.0,2.0,90,1.0,0.1,0.0,0.1
796,0.0,dime,2.0,True,True,0.02,2.0,2.0,2.0,80,1.0,0.01,0.1,0.0
797,0.0,dime,1.0,True,True,0.02,2.0,5.0,2.0,90,1.0,0.1,0.1,0.1
798,0.02,dime,2.0,True,True,0.02,2.0,3.0,2.0,80,1.0,0.0,0.1,0.0
799,0.02,quarter1,2.0,True,True,0.025,2.0,3.0,2.0,70,1.0,0.01,0.1,0.01
800,0.0,dime,2.0,True,True,0.02,2.0,2.0,2.0,70,1.0,0.01,0.1,0.0
801,0.02,dime,2.0,True,True,0.015,2.0,3.0,2.0,90,1.0,0.1,0.01,0.01
802,0.02,quarter1,2.0,True,True,0.015,2.0,3.0,2.0,90,1.0,0.1,0.1,0.01
803,0.02,dime,2.0,True,False,1.0,1.0,1.0,1.0,90,1.0,0.1,0.1,0.01
804,0.02,quarter1,1.0,True,True,0.015,2.0,2.0,2.0,70,1.0,0.1,0.1,0.1
805,0.0,dime,1.0,True,True,0.015,2.0,5.0,2.0,70,1.0,0.1,0.1,0.1
806,0.02,quarter1,2.0,True,True,0.025,2.0,2.0,2.0,80,1.0,0.1,0.01,0.0
807,0.02,quarter1,1.0,True,True,0.02,2.0,5.0,2.0,70,1.0,0.1,1.0,0.01
808,0.02,dime,2.0,True,True,0.02,2.0,2.0,2.0,80,1.0,0.1,0.01,0.1
809,0.02,dime,1.0,True,True,0.025,2.0,2.0,2.0,90,1.0,0.1,0.01,0.01
810,0.02,dime,1.0,True,False,1.0,1.0,1.0,1.0,70,1.0,0.1,1.0,0.1
811,0.05,quarter1,1.0,True,True,0.015,2.0,1.0,2.0,90,0.1,0.1,0.01,0.0
812,0.02,dime,2.0,True,True,0.025,2.0,5.0,2.0,90,1.0,0.1,0.1,0.0
813,0.0,dime,2.0,True,True,0.025,2.0,3.0,2.0,90,1.0,0.1,0.1,0.1
814,0.02,dime,1.0,True,True,0.025,2.0,3.0,2.0,90,1.0,0.1,0.01,0.1
815,0.05,dime,1.0,True,False,1.0,1.0,1.0,1.0,90,1.0,1.0,1.0,1.0
816,0.02,quarter1,2.0,True,False,1.0,1.0,1.0,1.0,80,1.0,0.1,1.0,0.01
817,0.02,quarter1,1.0,True,True,0.02,2.0,5.0,2.0,90,1.0,0.1,0.1,0.1
818,0.05,dime,2.0,True,False,1.0,1.0,1.0,1.0,70,1.0,0.1,0.1,0.0
819,0.02,dime,1.0,True,True,0.02,2.0,3.0,2.0,90,1.0,0.0,0.1,0.0
820,0.0,dime,2.0,True,True,0.015,2.0,3.0,2.0,80,1.0,0.1,0.01,0.0
821,0.02,quarter1,1.0,True,True,0.015,2.0,1.0,2.0,90,1.0,0.1,0.1,0.01
822,0.02,quarter1,2.0,True,True,0.02,2.0,3.0,2.0,90,1.0,0.1,0.0,0.1
823,0.05,dime,2.0,True,True,0.015,2.0,3.0,2.0,80,1.0,0.1,0.01,0.1
824,0.05,dime,2.0,True,True,0.025,2.0,2.0,2.0,80,1.0,0.1,0.0,0.1
825,0.0,dime,2.0,True,True,0.025,2.0,5.0,2.0,90,1.0,0.1,0.1,0.1
826,0.02,dime,1.0,True,False,1.0,1.0,1.0,1.0,90,1.0,1.0,0.1,0.01
827,0.0,dime,1.0,True,True,0.02,2.0,1.0,2.0,80,1.0,0.1,0.01,0.01
828,0.05,quarter1,1.0,True,True,0.015,2.0,2.0,2.0,90,1.0,0.1,0.1,0.1
829,0.05,dime,1.0,True,True,0.015,2.0,1.0,2.0,90,1.0,0.1,0.1,0.01
830,0.05,dime,1.0,True,False,1.0,1.0,1.0,1.0,80,1.0,0.1,0.01,0.1
831,0.02,dime,1.0,True,True,0.025,2.0,3.0,2.0,90,1.0,0.1,0.0,0.01
832,0.02,quarter1,2.0,True,True,0.02,2.0,5.0,2.0,70,1.0,0.1,0.1,0.1
833,0.02,dime,2.0,True,True,0.02,2.0,5.0,2.0,90,1.0,0.1,0.1,0.1
834,0.0,dime,1.0,True,False,1.0,1.0,1.0,1.0,80,1.0,1.0,0.1,0.0
835,0.05,dime,2.0,True,True,0.025,2.0,3.0,2.0,90,1.0,0.1,0.01,0.1
836,0.05,dime,1.0,True,False,1.0,1.0,1.0,1.0,80,1.0,1.0,0.1,0.01
837,0.02,dime,2.0,True,True,0.025,2.0,3.0,2.0,90,1.0,0.1,0.01,0.1
838,0.02,quarter1,2.0,True,True,0.015,2.0,1.0,2.0,80,1.0,0.1,0.01,0.0
839,0.02,quarter1,1.0,True,True,0.015,2.0,5.0,2.0,90,1.0,0.1,0.1,0.1
840,0.0,dime,2.0,True,True,0.02,2.0,3.0,2.0,90,1.0,0.0,0.1,0.0
841,0.05,quarter1,2.0,True,True,0.02,2.0,3.0,2.0,90,1.0,0.1,0.1,0.01
842,0.05,quarter1,1.0,True,True,0.025,2.0,5.0,2.0,90,1.0,0.1,0.1,0.01
843,0.0,dime,1.0,True,True,0.02,2.0,2.0,2.0,90,1.0,0.1,0.1,0.01
844,0.05,quarter1,1.0,True,True,0.025,2.0,2.0,2.0,90,1.0,0.1,0.0,0.1
845,0.02,dime,2.0,True,True,0.02,2.0,2.0,2.0,90,1.0,0.1,0.01,0.01
846,0.02,quarter1,2.0,True,True,0.015,2.0,2.0,2.0,90,1.0,0.1,0.0,0.1
847,0.0,dime,1.0,True,True,0.025,2.0,2.0,2.0,80,1.0,0.1,0.0,0.1
848,0.05,quarter1,2.0,True,True,0.015,2.0,1.0,2.0,90,1.0,0.1,0.01,0.1
849,0.02,quarter1,2.0,True,True,0.015,2.0,5.0,2.0,80,1.0,0.1,0.01,0.1
850,0.0,dime,2.0,True,True,0.015,2.0,1.0,2.0,90,1.0,0.1,0.1,0.01
851,0.05,dime,1.0,True,False,1.0,1.0,1.0,1.0,70,1.0,0.1,0.1,0.1
852,0.02,quarter1,1.0,True,True,0.02,2.0,5.0,2.0,70,1.0,0.1,0.1,0.01
853,0.0,dime,2.0,True,True,0.015,2.0,1.0,2.0,80,1.0,0.1,0.01,0.01
854,0.0,dime,2.0,True,True,0.015,2.0,2.0,2.0,80,1.0,0.1,0.01,0.01
855,0.02,dime,1.0,True,True,0.015,2.0,2.0,2.0,70,1.0,0.1,0.1,0.0
856,0.02,quarter1,2.0,True,True,0.015,2.0,3.0,2.0,90,1.0,0.1,0.01,0.01
857,0.05,dime,1.0,True,True,0.02,2.0,2.0,2.0,80,1.0,0.1,0.01,0.01
858,0.05,quarter1,2.0,True,True,0.015,2.0,5.0,2.0,90,1.0,0.1,0.1,0.01
859,0.05,dime,2.0,True,True,0.015,2.0,1.0,2.0,80,1.0,0.01,0.1,0.01
860,0.05,dime,1.0,True,True,0.015,2.0,3.0,2.0,70,1.0,0.01,1.0,0.0
861,0.02,quarter1,1.0,True,True,0.015,2.0,2.0,2.0,90,1.0,0.1,0.1,0.1
862,0.05,quarter1,2.0,True,True,0.02,2.0,1.0,2.0,80,1.0,0.1,0.01,0.0
863,0.0,dime,2.0,True,True,0.015,2.0,5.0,2.0,90,1.0,0.1,0.1,0.1
864,0.02,quarter1,2.0,True,False,1.0,1.0,1.0,1.0,80,1.0,0.1,1.0,0.0
865,0.0,dime,1.0,True,True,0.015,2.0,3.0,2.0,80,1.0,0.1,0.0,0.1
866,0.02,quarter1,2.0,True,True,0.015,2.0,5.0,2.0,80,1.0,0.1,0.1,0.01
867,0.0,dime,2.0,True,True,0.025,2.0,5.0,2.0,90,1.0,0.1,0.0,0.1
868,0.05,quarter1,2.0,True,True,0.015,2.0,1.0,2.0,70,1.0,0.01,0.01,0.0
869,0.05,quarter1,2.0,True,True,0.02,2.0,3.0,2.0,80,1.0,0.1,0.01,0.01
870,0.0,dime,2.0,True,True,0.015,2.0,5.0,2.0,70,1.0,0.1,1.0,0.01
871,0.02,dime,1.0,True,True,0.015,2.0,3.0,2.0,70,1.0,0.1,0.1,0.1
872,0.05,dime,2.0,True,True,0.015,2.0,3.0,2.0,90,1.0,0.1,0.0,0.1
873,0.02,dime,2.0,True,True,0.02,2.0,5.0,2.0,90,1.0,0.01,0.1,0.0
874,0.02,dime,1.0,True,True,0.025,2.0,3.0,2.0,90,1.0,0.1,0.1,0.1
875,0.0,dime,1.0,True,True,0.025,2.0,1.0,2.0,80,1.0,0.1,0.0,0.01
876,0.05,quarter1,1.0,True,True,0.025,2.0,5.0,2.0,70,1.0,0.01,0.1,0.0
877,0.02,quarter1,1.0,True,True,0.025,2.0,3.0,2.0,90,1.0,0.1,0.1,0.1
878,0.05,quarter1,2.0,True,True,0.02,2.0,3.0,2.0,80,1.0,0.1,0.1,0.1
879,0.0,dime,2.0,True,True,0.02,2.0,3.0,2.0,90,1.0,0.1,0.0,0.1
880,0.02,quarter1,1.0,True,True,0.015,2.0,2.0,2.0,80,1.0,0.1,0.01,0.01
881,0.02,dime,1.0,True,True,0.02,2.0,2.0,2.0,80,1.0,0.01,0.1,0.0
882,0.0,quarter1,1.0,True,True,0.015,2.0,5.0,2.0,70,1.0,0.0,1.0,0.01
883,0.0,dime,1.0,True,True,0.02,2.0,1.0,2.0,80,1.0,0.1,0.0,0.01
884,0.02,dime,1.0,True,True,0.02,2.0,3.0,2.0,90,1.0,0.1,0.1,0.01
885,0.02,quarter1,2.0,True,True,0.02,2.0,1.0,2.0,90,1.0,0.1,0.1,0.01
886,0.05,dime,1.0,True,True,0.015,2.0,1.0,2.0,70,1.0,0.1,0.01,0.1
887,0.02,dime,1.0,True,True,0.015,2.0,2.0,2.0,90,1.0,0.1,0.1,0.01
888,0.05,quarter1,1.0,True,False,1.0,1.0,1.0,1.0,90,1.0,1.0,0.1,0.0
889,0.02,dime,1.0,True,True,0.02,2.0,2.0,2.0,80,1.0,0.1,0.01,0.01
890,0.02,dime,2.0,True,True,0.02,2.0,5.0,2.0,90,1.0,0.1,0.1,0.01
891,0.05,quarter1,2.0,True,True,0.02,2.0,3.0,2.0,80,1.0,0.1,0.01,0.0
892,0.02,dime,1.0,True,True,0.02,2.0,3.0,2.0,90,1.0,0.1,0.01,0.1
893,0.02,quarter1,2.0,True,True,0.025,2.0,3.0,2.0,90,1.0,0.1,0.1,0.01
894,0.02,dime,1.0,True,True,0.02,2.0,5.0,2.0,90,1.0,0.1,0.1,0.01
895,0.05,dime,1.0,True,True,0.02,2.0,5.0,2.0,80,1.0,0.1,0.1,0.01
896,0.02,quarter1,1.0,True,True,0.02,2.0,5.0,2.0,90,1.0,0.1,0.01,0.1
897,0.0,dime,1.0,True,True,0.02,2.0,2.0,2.0,90,1.0,0.0,0.1,0.01
898,0.02,dime,2.0,True,False,1.0,1.0,1.0,1.0,70,1.0,0.1,0.1,0.01
899,0.05,dime,1.0,True,True,0.02,2.0,3.0,2.0,90,1.0,0.1,0.1,0.0
900,0.05,quarter1,1.0,True,True,0.02,2.0,2.0,2.0,90,1.0,0.1,0.01,0.1
901,0.02,quarter1,2.0,True,True,0.015,2.0,3.0,2.0,80,1.0,0.1,0.1,0.01
902,0.02,dime,2.0,True,True,0.025,2.0,2.0,2.0,90,1.0,0.1,0.01,0.1
903,0.02,quarter1,1.0,True,True,0.015,2.0,3.0,2.0,90,1.0,0.1,0.1,0.1
904,0.0,dime,1.0,True,True,0.02,2.0,1.0,2.0,90,1.0,0.01,0.1,0.01
905,0.0,quarter1,1.0,True,True,0.02,2.0,5.0,2.0,70,1.0,0.1,1.0,0.01
906,0.0,dime,1.0,True,True,0.02,2.0,3.0,2.0,90,1.0,0.1,0.1,0.1
907,0.0,dime,2.0,True,True,0.015,2.0,3.0,2.0,80,1.0,0.1,0.01,0.01
908,0.05,dime,1.0,True,True,0.025,2.0,2.0,2.0,80,1.0,0.1,0.01,0.01
909,0.0,dime,2.0,True,True,0.02,2.0,2.0,2.0,70,1.0,0.01,0.1,0.01
910,0.02,dime,2.0,True,True,0.015,2.0,3.0,2.0,80,1.0,0.1,0.1,0.0
911,0.0,dime,2.0,True,True,0.02,2.0,3.0,2.0,90,1.0,0.1,0.01,0.01
912,0.02,quarter1,1.0,True,True,0.025,2.0,5.0,2.0,90,1.0,0.1,0.01,0.0
913,0.0,dime,2.0,True,True,0.015,2.0,5.0,2.0,90,1.0,0.1,0.01,0.01
914,0.05,dime,1.0,True,False,1.0,1.0,1.0,1.0,70,1.0,0.1,1.0,1.0
915,0.05,quarter1,2.0,True,True,0.015,2.0,1.0,2.0,80,1.0,0.1,0.0,0.1
916,0.05,dime,1.0,True,True,0.015,2.0,1.0,2.0,80,1.0,0.1,0.1,0.01
917,0.02,quarter1,1.0,True,True,0.025,2.0,2.0,2.0,90,1.0,0.1,0.1,0.01
918,0.02,dime,2.0,True,True,0.02,2.0,3.0,2.0,90,1.0,0.1,0.01,0.1
919,0.02,quarter1,2.0,True,False,1.0,1.0,1.0,1.0,70,1.0,0.01,1.0,0.1
920,0.02,quarter1,2.0,True,True,0.02,2.0,3.0,2.0,90,1.0,0.1,0.0,0.01
921,0.02,dime,2.0,True,True,0.015,2.0,2.0,2.0,80,1.0,0.1,0.01,0.1
922,0.05,quarter1,2.0,True,True,0.015,2.0,5.0,2.0,70,1.0,0.1,0.1,0.1
923,0.02,quarter1,2.0,True,True,0.02,2.0,3.0,2.0,90,1.0,0.1,0.1,0.1
924,0.05,quarter1,2.0,True,True,0.02,2.0,3.0,2.0,90,1.0,0.1,0.1,0.1
925,0.05,dime,1.0,True,True,0.015,2.0,5.0,2.0,80,1.0,0.1,0.1,0.1
926,0.05,dime,1.0,True,True,0.015,2.0,3.0,2.0,90,1.0,0.1,0.01,0.1
927,0.02,quarter1,2.0,True,True,0.015,2.0,1.0,2.0,90,1.0,0.1,0.0,0.1
928,0.02,dime,2.0,True,True,0.025,2.0,5.0,2.0,80,1.0,0.01,0.1,0.01
929,0.02,quarter1,1.0,True,True,0.02,2.0,3.0,2.0,90,1.0,0.1,0.1,0.1
930,0.05,dime,1.0,True,False,1.0,1.0,1.0,1.0,70,1.0,0.1,1.0,0.0
931,0.02,dime,1.0,True,False,1.0,1.0,1.0,1.0,90,1.0,1.0,1.0,1.0
932,0.02,quarter1,2.0,True,True,0.025,2.0,2.0,2.0,90,1.0,0.1,0.01,0.01
933,0.05,quarter1,1.0,True,True,0.02,2.0,3.0,2.0,70,1.0,0.01,0.1,0.0
934,0.0,dime,2.0,True,True,0.025,2.0,5.0,2.0,90,1.0,0.01,0.1,0.0
935,0.02,quarter1,2.0,True,True,0.025,2.0,1.0,2.0,90,1.0,0.01,0.1,0.0
936,0.05,dime,1.0,True,True,0.02,2.0,5.0,2.0,70,1.0,0.1,0.1,0.01
937,0.02,dime,2.0,True,True,0.02,2.0,2.0,2.0,80,1.0,0.01,0.1,0.01
938,0.05,dime,1.0,True,True,0.025,2.0,5.0,2.0,80,1.0,0.1,0.1,0.0
939,0.05,dime,1.0,True,False,1.0,1.0,1.0,1.0,80,1.0,0.1,0.1,0.1
940,0.02,quarter1,2.0,True,True,0.015,2.0,2.0,2.0,90,1.0,0.1,0.1,0.01
941,0.02,quarter1,2.0,True,True,0.02,2.0,5.0,2.0,90,1.0,0.1,0.0,0.1
942,0.05,quarter1,1.0,True,True,0.015,2.0,5.0,2.0,80,1.0,0.1,0.1,0.01
943,0.02,quarter1,2.0,True,True,0.015,2.0,2.0,2.0,90,1.0,0.1,0.01,0.0
944,0.02,dime,1.0,True,True,0.015,2.0,2.0,2.0,90,1.0,0.1,0.01,0.1
945,0.05,quarter1,2.0,True,True,0.02,2.0,5.0,2.0,70,1.0,0.01,0.1,0.0
946,0.05,quarter1,2.0,True,True,0.015,2.0,1.0,2.0,90,1.0,0.1,0.0,0.1
947,0.0,dime,1.0,True,False,1.0,1.0,1.0,1.0,80,1.0,0.1,1.0,0.0
948,0.05,dime,1.0,True,True,0.015,2.0,5.0,2.0,70,1.0,0.1,0.1,0.0
949,0.02,quarter1,2.0,True,True,0.02,2.0,5.0,2.0,90,1.0,0.1,0.01,0.1
950,0.05,quarter1,2.0,True,True,0.02,2.0,1.0,2.0,80,1.0,0.01,0.1,0.0
951,0.02,dime,2.0,True,True,0.015,2.0,5.0,2.0,70,1.0,0.1,0.1,0.1
952,0.05,dime,2.0,True,False,1.0,1.0,1.0,1.0,90,1.0,1.0,1.0,0.1
953,0.02,dime,1.0,True,False,1.0,1.0,1.0,1.0,90,1.0,1.0,0.0,0.01
954,0.05,quarter1,1.0,True,True,0.025,2.0,5.0,2.0,90,1.0,0.1,0.01,0.0
955,0.05,dime,2.0,True,True,0.02,2.0,2.0,2.0,90,1.0,0.1,0.01,0.01
956,0.02,dime,1.0,True,True,0.02,2.0,2.0,2.0,80,1.0,0.01,0.1,0.1
957,0.02,dime,1.0,True,True,0.02,2.0,2.0,2.0,80,1.0,0.0,0.1,0.0
958,0.05,dime,1.0,True,True,0.025,2.0,3.0,2.0,90,1.0,0.01,0.1,0.01
959,0.05,dime,1.0,True,True,0.02,2.0,3.0,2.0,70,1.0,0.01,0.1,0.0
960,0.02,quarter1,1.0,True,True,0.02,2.0,2.0,2.0,80,1.0,0.1,0.01,0.0
961,0.05,quarter1,2.0,True,True,0.015,2.0,1.0,2.0,90,1.0,0.1,0.0,0.0
962,0.05,quarter1,2.0,True,True,0.025,2.0,3.0,2.0,90,1.0,0.1,0.01,0.1
963,0.05,quarter1,2.0,True,True,0.02,2.0,2.0,2.0,90,1.0,0.0,0.1,0.0
964,0.02,dime,1.0,True,True,0.02,2.0,2.0,2.0,80,1.0,0.1,0.01,0.0
965,0.05,dime,2.0,True,True,0.02,2.0,1.0,2.0,90,1.0,0.1,0.1,0.01
966,0.05,dime,1.0,True,True,0.02,2.0,3.0,2.0,90,1.0,0.1,0.1,0.1
967,0.05,dime,1.0,True,True,0.025,2.0,5.0,2.0,90,1.0,0.1,0.01,0.1
968,0.05,dime,1.0,True,True,0.025,2.0,3.0,2.0,90,1.0,0.1,0.1,0.0
969,0.02,quarter1,2.0,True,False,1.0,1.0,1.0,1.0,70,1.0,0.01,1.0,0.0
970,0.02,quarter1,2.0,True,True,0.02,2.0,5.0,2.0,90,1.0,0.1,0.1,0.01
971,0.02,dime,2.0,True,True,0.015,2.0,5.0,2.0,90,1.0,0.1,0.01,0.0
972,0.02,quarter1,1.0,True,True,0.025,2.0,5.0,2.0,70,1.0,0.1,0.1,0.01
973,0.02,quarter1,1.0,True,True,0.02,2.0,2.0,2.0,90,1.0,0.1,0.0,0.1
974,0.05,dime,1.0,True,True,0.025,2.0,1.0,2.0,80,1.0,0.1,0.0,0.1
975,0.05,dime,1.0,True,True,0.025,2.0,5.0,2.0,80,1.0,0.01,0.1,0.01
976,0.0,dime,2.0,True,True,0.02,2.0,2.0,2.0,90,1.0,0.1,0.01,0.1
977,0.02,dime,1.0,True,True,0.025,2.0,2.0,2.0,90,1.0,0.1,0.1,0.1
978,0.02,quarter1,2.0,True,False,1.0,1.0,1.0,1.0,90,1.0,0.1,0.01,0.0
979,0.05,quarter1,1.0,True,True,0.015,2.0,5.0,2.0,80,1.0,0.1,0.1,0.0
980,0.05,quarter1,1.0,True,False,1.0,1.0,1.0,1.0,90,1.0,1.0,0.1,0.01
981,0.05,quarter1,2.0,True,False,1.0,1.0,1.0,1.0,90,1.0,0.1,0.1,0.01
982,0.0,dime,1.0,True,True,0.015,2.0,1.0,2.0,80,1.0,0.1,0.0,0.01
983,0.0,dime,2.0,True,True,0.025,2.0,3.0,2.0,90,1.0,0.1,0.1,0.01
984,0.02,dime,1.0,True,False,1.0,1.0,1.0,1.0,90,1.0,1.0,0.1,0.0
985,0.02,dime,2.0,True,True,0.015,2.0,3.0,2.0,90,1.0,0.1,0.01,0.1
986,0.0,dime,2.0,True,True,0.02,2.0,5.0,2.0,90,1.0,0.1,0.1,0.0
987,0.02,quarter1,1.0,True,True,0.015,2.0,2.0,2.0,80,1.0,0.1,0.0,0.1
988,0.02,dime,1.0,True,True,0.015,2.0,1.0,2.0,90,1.0,0.1,0.1,0.1
989,0.05,dime,2.0,True,True,0.025,2.0,3.0,2.0,90,1.0,0.1,0.0,0.01
990,0.0,dime,2.0,True,True,0.02,2.0,5.0,2.0,90,1.0,0.1,0.01,0.01
991,0.02,quarter1,1.0,True,True,0.015,2.0,2.0,2.0,90,1.0,0.1,0.1,0.0
992,0.02,quarter1,1.0,True,True,0.025,2.0,2.0,2.0,90,1.0,0.1,0.0,0.01
993,0.05,quarter1,1.0,True,True,0.025,2.0,3.0,2.0,90,1.0,0.1,0.01,0.01
994,0.05,quarter1,2.0,True,False,1.0,1.0,1.0,1.0,70,1.0,0.1,0.1,0.1
995,0.0,dime,1.0,True,True,0.02,2.0,3.0,2.0,90,1.0,0.1,0.0,0.1
996,0.05,quarter1,1.0,True,True,0.02,2.0,1.0,2.0,80,1.0,0.01,0.1,0.01
997,0.0,dime,2.0,True,True,0.015,2.0,5.0,2.0,70,1.0,0.1,0.1,0.1
998,0.02,dime,2.0,True,True,0.02,2.0,3.0,2.0,90,1.0,0.1,0.1,0.0
999,0.02,dime,2.0,True,True,0.015,2.0,1.0,2.0,90,1.0,0.1,0.1,0.01
1000,0.02,quarter1,2.0,True,True,0.02,2.0,1.0,2.0,80,1.0,0.01,0.1,0.01
1001,0.05,quarter1,2.0,True,False,1.0,1.0,1.0,1.0,70,1.0,0.1,0.1,0.01
1002,0.0,dime,2.0,True,True,0.02,2.0,2.0,2.0,80,1.0,0.1,0.01,0.01
1003,0.05,quarter1,1.0,True,True,0.02,2.0,3.0,2.0,90,1.0,0.1,0.1,0.0
1004,0.02,quarter1,1.0,True,True,0.025,2.0,3.0,2.0,90,1.0,0.1,0.01,0.01
1005,0.05,quarter1,1.0,True,True,0.025,2.0,3.0,2.0,70,1.0,0.01,0.1,0.0
1006,0.05,quarter1,1.0,True,True,0.025,2.0,2.0,2.0,90,1.0,0.1,0.01,0.01
1007,0.05,quarter1,2.0,True,True,0.025,2.0,5.0,2.0,70,1.0,0.01,0.1,0.1
1008,0.05,quarter1,2.0,True,True,0.015,2.0,5.0,2.0,80,1.0,0.1,0.1,0.1
1009,0.05,dime,2.0,True,True,0.015,2.0,3.0,2.0,80,1.0,0.1,0.1,0.01
1010,0.02,quarter1,2.0,True,True,0.02,2.0,2.0,2.0,90,1.0,0.1,0.1,0.1
1011,0.02,quarter1,2.0,True,True,0.015,2.0,3.0,2.0,80,1.0,0.1,0.0,0.1
1012,0.05,dime,2.0,True,True,0.025,2.0,2.0,2.0,80,1.0,0.01,0.1,0.0
1013,0.05,dime,1.0,True,True,0.02,2.0,5.0,2.0,80,1.0,0.1,0.1,0.1
1014,0.02,dime,1.0,True,False,1.0,1.0,1.0,1.0,70,1.0,0.1,0.1,0.1
1015,0.02,quarter1,2.0,True,True,0.015,2.0,1.0,2.0,90,1.0,0.1,0.01,0.1
1016,0.0,dime,1.0,True,True,0.015,2.0,3.0,2.0,80,1.0,0.1,0.1,0.1
1017,0.02,quarter1,1.0,True,True,0.025,2.0,1.0,2.0,80,1.0,0.1,0.01,0.0
1018,0.05,quarter1,2.0,True,True,0.02,2.0,5.0,2.0,90,1.0,0.1,0.1,0.0
1019,0.05,quarter1,1.0,True,True,0.02,2.0,5.0,2.0,90,1.0,0.1,0.01,0.01
1020,0.02,quarter1,2.0,True,False,1.0,1.0,1.0,1.0,70,1.0,0.1,0.0,0.1
1021,0.02,quarter1,2.0,True,True,0.025,2.0,1.0,2.0,80,1.0,0.01,0.1,0.0
1022,0.05,dime,2.0,True,True,0.02,2.0,2.0,2.0,90,1.0,0.1,0.1,0.0
1023,0.02,dime,1.0,True,True,0.025,2.0,5.0,2.0,90,1.0,0.1,0.01,0.1
1024,0.02,quarter1,2.0,True,False,1.0,1.0,1.0,1.0,80,1.0,0.01,1.0,0.1
1025,0.02,quarter1,1.0,True,True,0.025,2.0,3.0,2.0,90,1.0,0.1,0.01,0.0
1026,0.05,dime,2.0,True,True,0.02,2.0,1.0,2.0,80,1.0,0.1,0.01,0.1
1027,0.05,quarter1,1.0,True,True,0.015,2.0,1.0,2.0,80,1.0,0.1,0.01,0.1
1028,0.0,dime,1.0,True,True,0.025,2.0,2.0,2.0,90,1.0,0.01,0.1,0.01
1029,0.05,quarter1,2.0,True,True,0.02,2.0,1.0,2.0,80,1.0,0.0,0.1,0.0
1030,0.05,dime,1.0,True,True,0.015,2.0,1.0,2.0,90,1.0,0.1,0.1,0.1
1031,0.02,dime,2.0,True,True,0.015,2.0,1.0,2.0,90,0.1,0.1,0.01,0.0
1032,0.0,dime,2.0,True,True,0.025,2.0,5.0,2.0,90,1.0,0.1,0.01,0.1
1033,0.05,quarter1,1.0,True,True,0.015,2.0,2.0,2.0,90,1.0,0.1,0.0,0.1
1034,0.05,quarter1,2.0,True,True,0.025,2.0,1.0,2.0,90,1.0,0.01,0.1,0.0
1035,0.05,quarter1,1.0,True,True,0.025,2.0,2.0,2.0,90,1.0,0.1,0.1,0.1
1036,0.02,dime,1.0,True,True,0.015,2.0,2.0,2.0,70,1.0,0.1,0.1,0.1
1037,0.05,dime,2.0,True,True,0.02,2.0,5.0,2.0,90,1.0,0.1,0.1,0.0
1038,0.02,quarter1,2.0,True,True,0.02,2.0,2.0,2.0,90,1.0,0.1,0.1,0.01
1039,0.05,dime,1.0,True,True,0.025,2.0,5.0,2.0,70,1.0,0.01,0.1,0.0
1040,0.05,quarter1,1.0,True,True,0.02,2.0,1.0,2.0,80,1.0,0.1,0.01,0.01
1041,0.05,dime,1.0,True,True,0.02,2.0,3.0,2.0,90,1.0,0.1,0.01,0.01
1042,0.05,quarter1,2.0,True,True,0.015,2.0,3.0,2.0,90,1.0,0.1,0.0,0.01
1043,0.02,quarter1,2.0,True,True,0.015,2.0,5.0,2.0,90,1.0,0.1,0.1,0.1
1044,0.02,dime,1.0,True,True,0.015,2.0,5.0,2.0,70,1.0,0.1,0.1,0.01
1045,0.02,dime,1.0,True,True,0.015,2.0,5.0,2.0,70,1.0,0.1,1.0,0.0
1046,0.02,quarter1,1.0,True,True,0.015,2.0,5.0,2.0,80,1.0,1.0,0.1,0.01
1047,0.0,quarter1,2.0,True,True,0.015,2.0,5.0,2.0,70,1.0,0.01,1.0,0.0
1048,0.02,quarter1,2.0,True,True,0.025,2.0,2.0,2.0,90,1.0,0.1,0.1,0.0
1049,0.02,quarter1,1.0,True,True,0.02,2.0,1.0,2.0,80,1.0,0.1,0.01,0.01
1050,0.05,dime,2.0,True,True,0.015,2.0,5.0,2.0,90,1.0,0.1,0.01,0.1
1051,0.0,dime,2.0,True,True,0.02,2.0,1.0,2.0,80,1.0,0.1,0.01,0.01
1052,0.02,dime,1.0,True,True,0.025,2.0,3.0,2.0,70,1.0,0.01,0.1,0.01
1053,0.02,dime,1.0,True,True,0.02,2.0,3.0,2.0,90,1.0,0.1,0.01,0.01
1054,0.0,dime,1.0,True,True,0.02,2.0,5.0,2.0,90,1.0,0.1,0.0,0.1
1055,0.0,dime,2.0,True,True,0.02,2.0,1.0,2.0,90,1.0,0.1,0.1,0.0
1056,0.02,quarter1,1.0,True,True,0.015,2.0,2.0,2.0,90,1.0,0.1,0.1,0.01
1057,0.0,dime,1.0,True,True,0.025,2.0,1.0,2.0,70,1.0,0.01,0.1,0.1
1058,0.05,quarter1,2.0,True,True,0.015,2.0,2.0,2.0,90,1.0,0.1,0.1,0.1
1059,0.05,quarter1,2.0,True,True,0.025,2.0,2.0,2.0,90,1.0,0.1,0.0,0.01
1060,0.0,dime,2.0,True,True,0.02,2.0,3.0,2.0,80,1.0,0.1,0.01,0.1
1061,0.0,dime,2.0,True,True,0.015,2.0,3.0,2.0,90,1.0,0.1,0.0,0.1
1062,0.05,dime,2.0,True,True,0.015,2.0,2.0,2.0,90,1.0,0.01,0.1,0.0
1063,0.05,dime,1.0,True,False,1.0,1.0,1.0,1.0,70,1.0,0.01,1.0,0.01
1064,0.02,dime,2.0,True,True,0.015,2.0,3.0,2.0,90,1.0,0.1,0.1,0.0
1065,0.05,dime,1.0,True,True,0.025,2.0,3.0,2.0,90,1.0,0.1,0.0,0.01
1066,0.0,dime,1.0,True,True,0.02,2.0,1.0,2.0,90,1.0,0.1,0.1,0.0
1067,0.02,dime,1.0,True,True,0.015,2.0,1.0,2.0,90,1.0,0.1,0.1,0.01
1068,0.05,quarter1,2.0,True,False,1.0,1.0,1.0,1.0,80,1.0,0.01,1.0,0.01
1069,0.02,quarter1,1.0,True,True,0.025,2.0,5.0,2.0,80,1.0,0.1,0.1,0.1
1070,0.02,quarter1,2.0,True,True,0.015,2.0,3.0,2.0,90,1.0,0.1,0.0,0.1
1071,0.02,quarter1,2.0,True,True,0.025,2.0,2.0,2.0,80,1.0,0.01,0.1,0.0
1072,0.05,dime,1.0,True,False,1.0,1.0,1.0,1.0,80,1.0,0.1,1.0,0.01
1073,0.05,quarter1,1.0,True,True,0.015,2.0,5.0,2.0,80,1.0,0.1,0.1,0.1
1074,0.0,dime,2.0,True,True,0.015,2.0,1.0,2.0,90,1.0,0.1,0.1,0.1
1075,0.02,quarter1,2.0,True,True,0.025,2.0,3.0,2.0,90,1.0,0.1,0.01,0.0
1076,0.05,quarter1,1.0,True,True,0.02,2.0,1.0,2.0,80,1.0,0.0,0.1,0.0
1077,0.02,dime,2.0,True,True,0.015,2.0,5.0,2.0,80,1.0,0.1,0.01,0.1
1078,0.05,quarter1,1.0,True,True,0.015,2.0,2.0,2.0,80,1.0,0.1,0.1,0.0
1079,0.05,quarter1,2.0,True,False,1.0,1.0,1.0,1.0,90,1.0,0.1,0.01,0.01
1080,0.02,dime,2.0,True,True,0.02,2.0,5.0,2.0,90,1.0,0.1,0.01,0.1
1081,0.02,dime,1.0,True,True,0.025,2.0,5.0,2.0,90,1.0,0.1,0.01,0.01
1082,0.02,quarter1,2.0,True,True,0.025,2.0,3.0,2.0,90,1.0,0.1,0.1,0.1
1083,0.05,quarter1,2.0,True,True,0.02,2.0,2.0,2.0,90,1.0,0.1,0.1,0.1
1084,0.0,dime,2.0,True,True,0.02,2.0,5.0,2.0,90,1.0,0.1,0.0,0.01
1085,0.05,dime,2.0,True,True,0.015,2.0,3.0,2.0,80,1.0,0.01,0.1,0.1
1086,0.05,dime,2.0,True,True,0.015,2.0,3.0,2.0,90,1.0,0.1,0.01,0.0
1087,0.05,quarter1,1.0,True,True,0.02,2.0,3.0,2.0,90,1.0,0.1,0.1,0.1
1088,0.02,quarter1,1.0,True,True,0.025,2.0,2.0,2.0,90,1.0,0.01,0.1,0.01
1089,0.0,dime,2.0,True,True,0.02,2.0,3.0,2.0,90,1.0,0.01,0.1,0.0
1090,0.05,quarter1,1.0,True,True,0.015,2.0,1.0,2.0,90,1.0,0.1,0.1,0.01
1091,0.0,dime,2.0,True,True,0.015,2.0,3.0,2.0,90,1.0,0.1,0.1,0.01
1092,0.0,dime,1.0,True,True,0.02,2.0,3.0,2.0,80,1.0,0.1,0.0,0.1
1093,0.02,quarter1,2.0,True,True,0.015,2.0,3.0,2.0,90,1.0,0.1,0.1,0.0
1094,0.02,quarter1,1.0,True,True,0.025,2.0,1.0,2.0,80,1.0,0.1,0.01,0.01
1095,0.0,dime,2.0,True,True,0.02,2.0,2.0,2.0,90,1.0,0.1,0.1,0.1
1096,0.05,dime,2.0,True,True,0.02,2.0,2.0,2.0,90,1.0,0.1,0.1,0.01
1097,0.05,dime,1.0,True,False,1.0,1.0,1.0,1.0,90,1.0,1.0,1.0,0.1
1098,0.02,quarter1,1.0,True,True,0.025,2.0,2.0,2.0,90,1.0,0.1,0.01,0.1
1099,0.0,dime,1.0,True,False,1.0,1.0,1.0,1.0,80,0.1,0.1,0.01,0.1
1100,0.05,dime,1.0,True,True,0.025,2.0,2.0,2.0,90,1.0,0.01,0.1,0.01
1101,0.0,dime,2.0,True,True,0.025,2.0,3.0,2.0,90,1.0,0.1,0.0,0.01
1102,0.0,dime,2.0,True,True,0.015,2.0,5.0,2.0,70,1.0,0.0,1.0,0.0
1103,0.0,dime,1.0,True,True,0.02,2.0,2.0,2.0,80,1.0,0.01,0.1,0.01
1104,0.05,dime,1.0,True,False,1.0,1.0,1.0,1.0,70,1.0,0.1,0.1,0.01
1105,0.0,dime,1.0,True,True,0.02,2.0,5.0,2.0,90,1.0,0.1,0.01,0.1
1106,0.05,dime,1.0,True,True,0.015,2.0,5.0,2.0,90,1.0,0.1,0.1,0.01
1107,0.05,quarter1,2.0,True,True,0.015,2.0,1.0,2.0,90,1.0,0.1,0.1,0.0
1108,0.02,quarter1,2.0,True,True,0.02,2.0,1.0,2.0,90,1.0,0.1,0.01,0.1
1109,0.05,dime,1.0,True,True,0.015,2.0,2.0,2.0,80,1.0,0.1,0.1,0.1
1110,0.0,dime,2.0,True,True,0.025,2.0,2.0,2.0,90,1.0,0.1,0.1,0.0
1111,0.0,quarter1,1.0,True,True,0.015,2.0,5.0,2.0,70,1.0,0.1,1.0,0.0
1112,0.05,dime,1.0,True,True,0.02,2.0,3.0,2.0,90,1.0,0.1,0.01,0.1
1113,0.02,quarter1,2.0,True,True,0.015,2.0,5.0,2.0,90,1.0,0.01,0.1,0.0
1114,0.02,dime,2.0,True,True,0.015,2.0,2.0,2.0,70,1.0,0.1,0.01,0.1
1115,0.05,quarter1,1.0,True,True,0.02,2.0,5.0,2.0,90,1.0,0.1,0.1,0.01
1116,0.0,dime,1.0,True,True,0.025,2.0,2.0,2.0,80,1.0,0.01,0.1,0.0
1117,0.05,dime,2.0,True,True,0.025,2.0,5.0,2.0,80,1.0,0.01,0.1,0.01
1118,0.05,dime,1.0,True,True,0.015,2.0,1.0,2.0,80,1.0,0.1,0.0,0.1
1119,0.05,quarter1,1.0,True,True,0.015,2.0,5.0,2.0,90,1.0,0.1,0.1,0.01
1120,0.02,dime,2.0,True,True,0.02,2.0,3.0,2.0,90,1.0,0.01,0.1,0.01
1121,0.05,dime,1.0,True,True,0.025,2.0,2.0,2.0,90,1.0,0.01,0.1,0.0
1122,0.0,dime,1.0,True,True,0.015,2.0,5.0,2.0,90,1.0,0.1,0.1,0.0
1123,0.02,dime,1.0,True,True,0.015,2.0,1.0,2.0,90,1.0,0.1,0.1,0.0
1124,0.0,dime,1.0,True,True,0.025,2.0,5.0,2.0,70,1.0,0.1,0.1,0.01
1125,0.05,quarter1,2.0,True,True,0.02,2.0,2.0,2.0,90,1.0,0.1,0.1,0.0
1126,0.05,dime,2.0,True,False,1.0,1.0,1.0,1.0,70,1.0,0.1,0.1,0.01
1127,0.02,dime,2.0,True,False,1.0,1.0,1.0,1.0,70,1.0,0.1,0.1,0.1
1128,0.02,dime,1.0,True,True,0.02,2.0,3.0,2.0,90,1.0,0.1,0.0,0.1
1129,0.05,quarter1,1.0,True,True,0.025,2.0,2.0,2.0,90,1.0,0.1,0.1,0.01
1130,0.05,quarter1,1.0,True,True,0.015,2.0,1.0,2.0,90,1.0,0.1,0.01,0.1
1131,0.02,dime,2.0,True,True,0.015,2.0,1.0,2.0,90,1.0,0.1,0.1,0.1
1132,0.02,dime,1.0,True,True,0.015,2.0,2.0,2.0,80,1.0,0.1,0.01,0.01
1133,0.0,dime,1.0,True,False,1.0,1.0,1.0,1.0,80,0.1,0.1,0.1,0.1
1134,0.05,quarter1,2.0,True,True,0.015,2.0,2.0,2.0,90,1.0,0.0,0.1,0.0
1135,0.05,quarter1,2.0,True,True,0.02,2.0,2.0,2.0,90,1.0,0.1,0.1,0.01
1136,0.02,quarter1,2.0,True,False,1.0,1.0,1.0,1.0,80,1.0,0.01,1.0,0.01
1137,0.02,quarter1,2.0,True,True,0.015,2.0,1.0,2.0,90,1.0,0.1,0.01,0.0
1138,0.05,quarter1,2.0,True,True,0.02,2.0,2.0,2.0,90,1.0,0.1,0.01,0.0
1139,0.02,quarter1,2.0,True,True,0.02,2.0,5.0,2.0,90,1.0,0.1,0.1,0.0
1140,0.05,dime,1.0,True,True,0.02,2.0,5.0,2.0,90,1.0,0.1,0.1,0.01
1141,0.02,dime,2.0,True,True,0.02,2.0,1.0,2.0,70,1.0,0.01,0.1,0.01
1142,0.05,quarter1,2.0,True,True,0.02,2.0,3.0,2.0,90,1.0,0.1,0.0,0.1
1143,0.0,dime,2.0,True,True,0.02,2.0,5.0,2.0,90,1.0,0.1,0.1,0.01
1144,0.05,quarter1,1.0,True,True,0.02,2.0,1.0,2.0,80,1.0,0.1,0.01,0.1
1145,0.05,quarter1,2.0,True,True,0.02,2.0,2.0,2.0,80,1.0,0.1,0.01,0.01
1146,0.05,dime,1.0,True,True,0.02,2.0,5.0,2.0,90,1.0,0.1,0.1,0.1
1147,0.0,dime,2.0,True,True,0.025,2.0,5.0,2.0,90,1.0,0.1,0.01,0.0
1148,0.02,dime,2.0,True,True,0.02,2.0,3.0,2.0,90,1.0,0.1,0.1,0.01
1149,0.0,dime,1.0,True,True,0.015,2.0,3.0,2.0,80,1.0,0.1,0.1,0.0
1150,0.05,dime,2.0,True,True,0.025,2.0,2.0,2.0,80,1.0,0.1,0.01,0.0
1151,0.05,quarter1,2.0,True,True,0.02,2.0,1.0,2.0,80,1.0,0.1,0.01,0.01
1152,0.05,dime,2.0,True,True,0.015,2.0,5.0,2.0,90,1.0,0.1,0.01,0.01
1153,0.05,quarter1,1.0,True,True,0.015,2.0,2.0,2.0,80,1.0,0.1,0.1,0.01
1154,0.02,dime,2.0,True,True,0.02,2.0,3.0,2.0,90,1.0,0.1,0.0,0.1
1155,0.0,dime,1.0,True,True,0.015,2.0,1.0,2.0,80,1.0,0.1,0.01,0.1
1156,0.0,dime,1.0,True,True,0.025,2.0,2.0,2.0,90,1.0,0.1,0.1,0.01
1157,0.02,quarter1,2.0,True,True,0.015,2.0,2.0,2.0,80,1.0,0.1,0.01,0.0
1158,0.0,dime,2.0,True,True,0.025,2.0,2.0,2.0,90,1.0,0.1,0.01,0.1
1159,0.0,dime,1.0,True,True,0.02,2.0,1.0,2.0,90,1.0,0.1,0.1,0.01
1160,0.05,dime,1.0,True,True,0.015,2.0,3.0,2.0,70,1.0,0.1,0.1,0.1
1161,0.02,dime,1.0,True,True,0.015,2.0,2.0,2.0,80,1.0,0.1,0.1,0.01
1162,0.05,quarter1,2.0,True,True,0.02,2.0,1.0,2.0,90,1.0,0.1,0.1,0.1
1163,0.02,dime,2.0,True,True,0.015,2.0,3.0,2.0,80,1.0,0.1,0.01,0.01
1164,0.02,dime,1.0,True,True,0.02,2.0,2.0,2.0,90,1.0,0.1,0.01,0.1
1165,0.02,dime,2.0,True,True,0.025,2.0,5.0,2.0,70,1.0,0.01,0.1,0.0
1166,0.05,dime,2.0,True,True,0.02,2.0,2.0,2.0,90,1.0,0.0,0.1,0.01
1167,0.05,quarter1,1.0,True,True,0.025,2.0,1.0,2.0,80,1.0,0.01,0.1,0.0
1168,0.05,quarter1,1.0,True,True,0.02,2.0,1.0,2.0,90,1.0,0.1,0.01,0.01
1169,0.05,quarter1,2.0,True,True,0.015,2.0,1.0,2.0,90,1.0,0.1,0.0,0.01
1170,0.02,dime,1.0,True,True,0.025,2.0,3.0,2.0,90,1.0,0.1,0.1,0.0
1171,0.0,dime,2.0,True,True,0.02,2.0,2.0,2.0,90,1.0,0.1,0.1,0.0
1172,0.05,dime,1.0,True,False,1.0,1.0,1.0,1.0,90,0.1,0.1,0.01,0.1
1173,0.05,dime,2.0,True,False,1.0,1.0,1.0,1.0,80,1.0,1.0,0.0,0.1
1174,0.0,dime,2.0,True,True,0.025,2.0,5.0,2.0,90,1.0,0.1,0.1,0.0
1175,0.05,quarter1,1.0,True,True,0.025,2.0,3.0,2.0,90,1.0,0.1,0.0,0.0
1176,0.02,dime,1.0,True,True,0.02,2.0,2.0,2.0,90,1.0,0.1,0.1,0.1
1177,0.05,quarter1,2.0,True,True,0.015,2.0,1.0,2.0,80,1.0,0.1,0.01,0.0
1178,0.02,quarter1,2.0,True,True,0.015,2.0,5.0,2.0,90,1.0,0.1,0.01,0.01
1179,0.0,dime,2.0,True,True,0.015,2.0,1.0,2.0,90,1.0,0.1,0.1,0.0
1180,0.05,quarter1,2.0,True,False,1.0,1.0,1.0,1.0,80,1.0,0.01,1.0,0.0
1181,0.02,dime,1.0,True,True,0.015,2.0,5.0,2.0,70,1.0,0.1,0.1,0.1
1182,0.05,dime,1.0,True,True,0.02,2.0,5.0,2.0,90,1.0,0.1,0.01,0.0
1183,0.05,dime,2.0,True,True,0.015,2.0,3.0,2.0,80,1.0,0.1,0.0,0.1
1184,0.02,dime,2.0,True,True,0.025,2.0,3.0,2.0,90,1.0,0.1,0.1,0.1
1185,0.05,dime,2.0,True,True,0.02,2.0,2.0,2.0,80,1.0,0.1,0.01,0.01
1186,0.05,dime,1.0,True,True,0.02,2.0,1.0,2.0,80,1.0,0.1,0.0,0.1
1187,0.0,dime,2.0,True,True,0.02,2.0,2.0,2.0,80,1.0,0.1,0.01,0.1
1188,0.0,dime,1.0,True,True,0.015,2.0,5.0,2.0,90,1.0,0.1,0.1,0.01
1189,0.02,quarter1,2.0,True,True,0.015,2.0,3.0,2.0,90,1.0,0.1,0.1,0.1
1190,0.02,quarter1,1.0,True,True,0.025,2.0,2.0,2.0,90,1.0,0.1,0.0,0.1
1191,0.05,dime,1.0,True,False,1.0,1.0,1.0,1.0,90,1.0,1.0,0.1,0.01
1192,0.0,dime,1.0,True,True,0.02,2.0,1.0,2.0,80,1.0,0.1,0.0,0.1
1193,0.05,dime,1.0,True,False,1.0,1.0,1.0,1.0,80,1.0,0.1,0.1,0.01
1194,0.0,dime,1.0,True,True,0.015,2.0,2.0,2.0,90,1.0,0.1,0.1,0.1
1195,0.02,quarter1,2.0,True,True,0.015,2.0,1.0,2.0,80,1.0,0.01,0.1,0.01
1196,0.02,dime,1.0,True,True,0.025,2.0,5.0,2.0,70,1.0,0.1,0.1,0.01
1197,0.05,quarter1,2.0,True,True,0.025,2.0,3.0,2.0,90,1.0,0.1,0.1,0.01
1198,0.05,quarter1,1.0,True,True,0.02,2.0,5.0,2.0,70,1.0,0.1,0.1,0.1
1199,0.05,dime,2.0,True,True,0.015,2.0,5.0,2.0,90,1.0,0.01,0.1,0.01
1200,0.02,quarter1,1.0,True,True,0.025,2.0,5.0,2.0,90,1.0,0.1,0.1,0.0
1201,0.0,dime,1.0,True,False,1.0,1.0,1.0,1.0,70,1.0,0.0,1.0,0.0
1202,0.0,dime,1.0,True,False,1.0,1.0,1.0,1.0,80,1.0,1.0,0.1,0.01
1203,0.02,dime,1.0,True,True,0.025,2.0,2.0,2.0,90,1.0,0.1,0.0,0.1
1204,0.05,dime,2.0,True,True,0.015,2.0,3.0,2.0,90,1.0,0.1,0.1,0.01
1205,0.05,dime,1.0,True,True,0.015,2.0,2.0,2.0,80,1.0,0.1,0.0,0.1
1206,0.02,dime,1.0,True,True,0.015,2.0,3.0,2.0,80,1.0,0.1,0.1,0.1
1207,0.02,quarter1,1.0,True,True,0.025,2.0,2.0,2.0,80,1.0,0.01,0.1,0.01
1208,0.05,dime,1.0,True,True,0.02,2.0,2.0,2.0,80,1.0,0.1,0.01,0.1
1209,0.02,dime,2.0,True,True,0.015,2.0,3.0,2.0,90,1.0,0.1,0.1,0.1
1210,0.0,dime,2.0,True,True,0.025,2.0,1.0,2.0,90,1.0,0.01,0.1,0.01
1211,0.02,quarter1,2.0,True,True,0.025,2.0,3.0,2.0,90,1.0,0.1,0.01,0.1
1212,0.02,dime,1.0,True,True,0.025,2.0,5.0,2.0,90,1.0,0.1,0.1,0.0
1213,0.05,dime,1.0,True,True,0.015,2.0,5.0,2.0,80,1.0,0.1,0.1,0.0
1214,0.05,quarter1,2.0,True,True,0.025,2.0,5.0,2.0,90,1.0,0.1,0.1,0.0
1215,0.05,dime,2.0,True,True,0.02,2.0,3.0,2.0,90,1.0,0.1,0.01,0.1
1216,0.05,dime,1.0,True,True,0.025,2.0,3.0,2.0,90,1.0,0.1,0.01,0.01
1217,0.05,dime,1.0,True,True,0.02,2.0,2.0,2.0,90,1.0,0.1,0.1,0.01
1218,0.0,dime,1.0,True,True,0.015,2.0,1.0,2.0,90,1.0,0.1,0.1,0.01
1219,0.0,dime,1.0,True,True,0.015,2.0,1.0,2.0,90,0.1,0.1,0.01,0.01
1220,0.02,quarter1,2.0,True,True,0.015,2.0,3.0,2.0,90,1.0,0.1,0.01,0.0
1221,0.0,dime,1.0,True,True,0.015,2.0,1.0,2.0,80,1.0,0.1,0.01,0.01
1222,0.02,quarter1,1.0,True,True,0.02,2.0,1.0,2.0,80,1.0,0.1,0.01,0.0
1223,0.05,quarter1,1.0,True,True,0.025,2.0,2.0,2.0,90,1.0,0.1,0.01,0.0
1224,0.02,dime,2.0,True,True,0.02,2.0,3.0,2.0,90,1.0,0.1,0.0,0.01
1225,0.0,dime,1.0,True,True,0.015,2.0,2.0,2.0,90,1.0,0.1,0.1,0.0
1226,0.05,quarter1,2.0,True,True,0.02,2.0,3.0,2.0,90,1.0,0.1,0.01,0.1
1227,0.05,dime,2.0,True,True,0.025,2.0,2.0,2.0,90,1.0,0.1,0.1,0.0
1228,0.02,dime,1.0,True,True,0.015,2.0,2.0,2.0,90,1.0,0.1,0.1,0.1
1229,0.0,dime,1.0,True,True,0.02,2.0,1.0,2.0,80,1.0,0.1,0.01,0.0
1230,0.05,quarter1,1.0,True,True,0.02,2.0,5.0,2.0,90,1.0,0.1,0.0,0.1
1231,0.05,dime,2.0,True,True,0.025,2.0,3.0,2.0,90,1.0,0.1,0.1,0.01
1232,0.02,dime,1.0,True,True,0.015,2.0,2.0,2.0,80,1.0,0.1,0.01,0.0
1233,0.02,quarter1,2.0,True,True,0.02,2.0,3.0,2.0,70,1.0,0.01,0.1,0.01
1234,0.02,dime,1.0,True,True,0.015,2.0,5.0,2.0,90,1.0,0.1,0.1,0.0
1235,0.05,quarter1,1.0,True,True,0.025,2.0,3.0,2.0,90,1.0,0.1,0.0,0.01
1236,0.0,dime,2.0,True,True,0.02,2.0,2.0,2.0,90,1.0,0.1,0.0,0.1
1237,0.02,quarter1,1.0,True,True,0.015,2.0,5.0,2.0,80,1.0,0.1,0.1,0.0
1238,0.05,dime,1.0,True,True,0.02,2.0,5.0,2.0,90,1.0,0.1,0.01,0.1
1239,0.02,dime,2.0,True,True,0.025,2.0,2.0,2.0,90,1.0,0.1,0.1,0.01
1240,0.02,dime,1.0,True,True,0.015,2.0,1.0,2.0,80,1.0,0.1,0.0,0.1
1241,0.05,dime,2.0,True,True,0.025,2.0,2.0,2.0,90,1.0,0.1,0.01,0.1
1242,0.02,quarter1,1.0,True,True,0.02,2.0,5.0,2.0,90,1.0,0.1,0.1,0.01
1243,0.02,dime,2.0,True,True,0.015,2.0,2.0,2.0,90,1.0,0.1,0.1,0.1
1244,0.05,dime,1.0,True,False,1.0,1.0,1.0,1.0,80,1.0,0.1,1.0,0.0
1245,0.05,dime,1.0,True,True,0.02,2.0,2.0,2.0,90,1.0,0.01,0.1,0.01
1246,0.02,dime,1.0,True,True,0.015,2.0,3.0,2.0,90,1.0,0.1,0.1,0.01
1247,0.02,dime,2.0,True,True,0.025,2.0,2.0,2.0,90,1.0,0.1,0.01,0.01
1248,0.05,quarter1,2.0,True,True,0.02,2.0,1.0,2.0,90,1.0,0.1,0.1,0.0
1249,0.02,dime,1.0,True,True,0.015,2.0,5.0,2.0,90,1.0,0.1,0.01,0.1
1250,0.05,quarter1,1.0,True,True,0.025,2.0,5.0,2.0,90,1.0,0.1,0.1,0.1
1251,0.02,quarter1,2.0,True,True,0.02,2.0,5.0,2.0,90,1.0,0.1,0.1,0.1
1252,0.02,dime,2.0,True,True,0.02,2.0,1.0,2.0,90,1.0,0.1,0.1,0.1
1253,0.02,quarter1,1.0,True,True,0.02,2.0,2.0,2.0,90,1.0,0.1,0.1,0.01
1254,0.0,dime,1.0,True,True,0.015,2.0,5.0,2.0,80,1.0,0.1,0.01,0.01
1255,0.0,dime,1.0,True,True,0.02,2.0,5.0,2.0,70,1.0,0.01,0.1,0.01
1256,0.05,dime,1.0,True,True,0.015,2.0,5.0,2.0,70,1.0,0.1,0.1,0.01
1257,0.02,quarter1,2.0,True,False,1.0,1.0,1.0,1.0,90,1.0,0.1,0.1,0.1
1258,0.0,dime,1.0,True,True,0.025,2.0,2.0,2.0,80,1.0,0.1,0.01,0.01
1259,0.02,quarter1,2.0,True,False,1.0,1.0,1.0,1.0,70,1.0,0.1,0.1,0.1
1260,0.05,dime,1.0,True,True,0.025,2.0,5.0,2.0,80,1.0,0.1,0.1,0.1
1261,0.02,dime,1.0,True,True,0.025,2.0,2.0,2.0,80,1.0,0.01,0.1,0.0
1262,0.05,quarter1,1.0,True,True,0.015,2.0,1.0,2.0,80,1.0,0.1,0.01,0.01
1263,0.05,quarter1,1.0,True,False,1.0,1.0,1.0,1.0,90,1.0,1.0,1.0,0.01
1264,0.05,dime,2.0,True,True,0.025,2.0,5.0,2.0,90,1.0,0.1,0.1,0.1
1265,0.05,quarter1,2.0,True,True,0.015,2.0,5.0,2.0,80,1.0,0.1,0.01,0.1
1266,0.0,dime,1.0,True,True,0.015,2.0,3.0,2.0,70,1.0,0.01,0.1,0.0
1267,0.05,dime,1.0,True,True,0.02,2.0,3.0,2.0,90,1.0,0.01,0.1,0.01
1268,0.0,dime,2.0,True,False,1.0,1.0,1.0,1.0,70,1.0,0.1,0.1,0.1
1269,0.02,quarter1,2.0,True,True,0.015,2.0,1.0,2.0,90,1.0,0.1,0.0,0.01
1270,0.02,quarter1,1.0,True,True,0.02,2.0,3.0,2.0,90,1.0,0.1,0.0,0.1
1271,0.02,dime,1.0,True,True,0.015,2.0,2.0,2.0,90,1.0,0.1,0.1,0.0
1272,0.02,quarter1,2.0,True,True,0.02,2.0,1.0,2.0,90,1.0,0.1,0.01,0.0
1273,0.05,quarter1,1.0,True,True,0.015,2.0,5.0,2.0,70,1.0,0.1,0.1,0.01
1274,0.02,quarter1,1.0,True,True,0.025,2.0,3.0,2.0,90,1.0,0.1,0.0,0.01
1275,0.02,dime,1.0,True,False,1.0,1.0,1.0,1.0,70,1.0,0.1,0.01,0.1
1276,0.02,quarter1,2.0,True,True,0.02,2.0,1.0,2.0,90,1.0,0.1,0.1,0.0
1277,0.0,dime,2.0,True,True,0.02,2.0,2.0,2.0,90,1.0,0.1,0.1,0.01
1278,0.02,dime,2.0,True,False,1.0,1.0,1.0,1.0,90,1.0,0.1,0.1,0.0
1279,0.0,dime,1.0,True,True,0.02,2.0,1.0,2.0,70,1.0,0.01,0.1,0.1
1280,0.0,dime,1.0,True,True,0.015,2.0,1.0,2.0,90,1.0,0.1,0.1,0.0
1281,0.05,dime,1.0,True,False,1.0,1.0,1.0,1.0,70,1.0,0.1,0.01,0.1
1282,0.05,dime,2.0,True,True,0.025,2.0,5.0,2.0,90,1.0,0.1,0.1,0.01
1283,0.0,dime,1.0,True,True,0.015,2.0,2.0,2.0,70,1.0,0.1,0.1,0.01
1284,0.05,dime,1.0,True,False,1.0,1.0,1.0,1.0,70,1.0,0.0,1.0,0.1
1285,0.05,quarter1,1.0,True,True,0.015,2.0,5.0,2.0,90,1.0,0.1,0.1,0.0
1286,0.02,quarter1,2.0,True,True,0.015,2.0,2.0,2.0,90,1.0,0.1,0.1,0.0
1287,0.05,quarter1,2.0,True,True,0.02,2.0,3.0,2.0,70,1.0,0.01,0.1,0.0
1288,0.0,dime,2.0,True,True,0.02,2.0,3.0,2.0,90,1.0,0.1,0.1,0.0
1289,0.0,dime,1.0,True,True,0.02,2.0,1.0,2.0,80,1.0,0.1,0.01,0.1
1290,0.05,dime,2.0,True,True,0.025,2.0,3.0,2.0,90,1.0,0.1,0.1,0.0
1291,0.0,dime,2.0,True,True,0.02,2.0,5.0,2.0,70,1.0,0.1,1.0,0.1
1292,0.02,dime,1.0,True,True,0.025,2.0,2.0,2.0,90,1.0,0.0,0.1,0.01
1293,0.05,quarter1,1.0,True,True,0.02,2.0,1.0,2.0,90,1.0,0.1,0.01,0.0
1294,0.02,dime,1.0,True,True,0.02,2.0,2.0,2.0,90,1.0,0.1,0.1,0.01
1295,0.02,dime,1.0,True,True,0.015,2.0,1.0,2.0,90,0.1,0.1,0.01,0.01
1296,0.05,quarter1,2.0,True,True,0.015,2.0,1.0,2.0,90,1.0,0.1,0.1,0.01
1297,0.0,dime,2.0,True,True,0.025,2.0,2.0,2.0,90,1.0,0.01,0.1,0.0
1298,0.05,dime,1.0,True,True,0.02,2.0,2.0,2.0,90,1.0,0.1,0.01,0.1
1299,0.05,quarter1,1.0,True,True,0.025,2.0,5.0,2.0,90,1.0,0.1,0.1,0.0
1300,0.0,dime,2.0,True,True,0.02,2.0,3.0,2.0,80,1.0,0.01,0.1,0.0
1301,0.02,dime,2.0,True,False,1.0,1.0,1.0,1.0,90,1.0,0.1,1.0,0.01
1302,0.05,quarter1,2.0,True,True,0.015,2.0,2.0,2.0,90,1.0,0.1,0.0,0.1
1303,0.02,dime,1.0,True,False,1.0,1.0,1.0,1.0,80,1.0,1.0,0.1,0.1
1304,0.02,quarter1,2.0,True,True,0.025,2.0,2.0,2.0,90,1.0,0.1,0.0,0.01
1305,0.02,False,1.0,False,True,0.025,2.0,1.0,2.0,90,1.0,0.1,0.01,0.01
1306,0.05,False,1.0,False,True,0.025,2.0,1.0,2.0,90,1.0,0.1,0.01,0.1
1307,0.05,False,1.0,False,True,0.015,2.0,2.0,2.0,90,1.0,0.1,0.1,0.1
1308,0.02,False,1.0,False,True,0.02,2.0,3.0,2.0,90,1.0,0.1,0.1,0.0
1309,0.02,False,1.0,False,True,0.02,2.0,2.0,2.0,80,1.0,0.1,0.1,0.01
1310,0.02,False,1.0,False,True,0.02,2.0,2.0,2.0,90,1.0,0.1,0.1,0.01
1311,0.05,False,1.0,False,True,0.025,2.0,2.0,2.0,90,1.0,0.1,0.01,0.0
1312,0.05,False,1.0,False,True,0.025,2.0,2.0,2.0,80,1.0,0.1,0.1,0.1
1313,0.02,False,1.0,False,True,0.015,2.0,3.0,2.0,90,0.1,0.1,0.01,0.0
1314,0.02,False,1.0,False,True,0.015,2.0,2.0,2.0,90,1.0,0.1,0.1,0.01
1315,0.02,False,1.0,False,True,0.015,2.0,2.0,2.0,90,0.1,0.1,0.0,0.1
1316,0.05,False,1.0,False,True,0.02,2.0,2.0,2.0,80,1.0,0.1,0.1,0.1
1317,0.02,False,1.0,False,True,0.015,2.0,3.0,2.0,80,1.0,0.1,0.1,0.0
1318,0.05,False,1.0,False,True,0.02,2.0,2.0,2.0,70,0.1,0.01,0.1,0.01
1319,0.05,False,1.0,False,True,0.02,2.0,5.0,2.0,80,1.0,0.1,0.1,0.01
1320,0.05,False,1.0,False,True,0.025,2.0,2.0,2.0,70,1.0,0.01,0.1,0.01
1321,0.05,False,1.0,False,True,0.015,2.0,1.0,2.0,80,1.0,0.1,0.1,0.0
1322,0.05,False,1.0,False,False,1.0,1.0,1.0,1.0,90,1.0,0.1,1.0,0.01
1323,0.05,False,1.0,False,True,0.015,2.0,2.0,2.0,90,0.1,0.1,0.0,0.0
1324,0.02,False,1.0,False,True,0.015,2.0,1.0,2.0,90,1.0,0.1,0.1,0.1
1325,0.05,False,1.0,False,True,0.015,2.0,2.0,2.0,70,1.0,0.01,0.1,0.01
1326,0.02,False,1.0,False,True,0.015,2.0,3.0,2.0,90,0.1,0.1,0.01,0.01
1327,0.05,False,1.0,False,True,0.015,2.0,5.0,2.0,70,1.0,0.1,1.0,0.0
1328,0.0,False,1.0,False,True,0.025,2.0,2.0,2.0,90,1.0,0.01,0.1,0.1
1329,0.02,False,1.0,False,True,0.02,2.0,5.0,2.0,80,1.0,0.1,0.1,0.1
1330,0.02,False,1.0,False,True,0.015,2.0,3.0,2.0,80,1.0,0.1,0.01,0.01
1331,0.02,False,1.0,False,True,0.015,2.0,3.0,2.0,80,1.0,0.1,0.0,0.1
1332,0.02,False,1.0,False,True,0.025,2.0,1.0,2.0,90,1.0,0.1,0.01,0.1
1333,0.05,False,1.0,False,True,0.025,2.0,5.0,2.0,90,1.0,0.1,0.01,0.1
1334,0.02,False,1.0,False,True,0.025,2.0,2.0,2.0,90,1.0,0.1,0.01,0.0
1335,0.02,False,1.0,False,True,0.015,2.0,2.0,2.0,90,0.1,0.1,0.0,0.0
1336,0.02,False,1.0,False,True,0.015,2.0,3.0,2.0,90,1.0,1.0,0.1,0.01
1337,0.05,False,1.0,False,True,0.015,2.0,1.0,2.0,90,1.0,0.1,0.1,0.0
1338,0.05,False,1.0,False,True,0.02,2.0,5.0,2.0,90,1.0,0.1,0.1,0.1
1339,0.05,False,1.0,False,True,0.015,2.0,1.0,2.0,90,0.1,0.1,0.0,0.0
1340,0.02,False,1.0,False,True,0.02,2.0,2.0,2.0,80,1.0,0.1,0.1,0.1
1341,0.02,False,1.0,False,True,0.015,2.0,3.0,2.0,90,1.0,0.1,0.1,0.1
1342,0.02,False,1.0,False,True,0.02,2.0,1.0,2.0,80,1.0,0.1,0.1,0.1
1343,0.05,False,1.0,False,False,1.0,1.0,1.0,1.0,70,1.0,0.1,1.0,1.0
1344,0.02,False,1.0,False,True,0.025,2.0,1.0,2.0,90,1.0,0.1,0.01,0.0
1345,0.02,False,1.0,False,True,0.015,2.0,1.0,2.0,80,1.0,0.1,0.1,0.1
1346,0.02,False,1.0,False,True,0.015,2.0,3.0,2.0,80,1.0,0.1,0.01,0.1
1347,0.02,False,1.0,False,True,0.015,2.0,3.0,2.0,90,0.1,0.1,0.01,0.1
1348,0.05,False,1.0,False,True,0.015,2.0,3.0,2.0,90,0.1,0.1,0.0,0.0
1349,0.02,False,1.0,False,False,1.0,1.0,1.0,1.0,90,0.1,1.0,1.0,0.1
1350,0.05,False,1.0,False,True,0.025,2.0,3.0,2.0,70,0.1,0.01,0.01,0.0
1351,0.02,False,1.0,False,True,0.015,2.0,3.0,2.0,80,1.0,0.1,0.1,0.01
1352,0.02,False,1.0,False,True,0.015,2.0,1.0,2.0,90,1.0,0.1,0.1,0.0
1353,0.02,False,1.0,False,True,0.015,2.0,2.0,2.0,90,0.1,0.1,0.01,0.01
1354,0.05,False,1.0,False,True,0.015,2.0,1.0,2.0,80,1.0,0.1,0.1,0.01
1355,0.0,False,1.0,False,True,0.015,2.0,3.0,2.0,90,0.1,0.01,0.1,0.01
1356,0.02,False,1.0,False,True,0.015,2.0,2.0,2.0,80,1.0,0.1,0.1,0.0
1357,0.02,False,1.0,False,True,0.015,2.0,3.0,2.0,80,1.0,0.1,0.0,0.01
1358,0.02,False,1.0,False,True,0.025,2.0,1.0,2.0,90,1.0,0.1,0.0,0.1
1359,0.02,False,1.0,False,True,0.015,2.0,3.0,2.0,90,0.1,0.1,0.0,0.1
1360,0.02,False,1.0,False,True,0.02,2.0,3.0,2.0,90,1.0,0.1,0.1,0.01
1361,0.02,False,1.0,False,True,0.025,2.0,3.0,2.0,90,1.0,0.1,0.0,0.1
1362,0.05,False,1.0,False,True,0.025,2.0,2.0,2.0,90,1.0,0.1,0.01,0.1
1363,0.02,False,1.0,False,True,0.015,2.0,3.0,2.0,90,1.0,0.1,0.1,0.0
1364,0.05,False,1.0,False,True,0.02,2.0,3.0,2.0,90,1.0,0.1,0.1,0.01
1365,0.02,False,1.0,False,True,0.015,2.0,1.0,2.0,80,1.0,0.1,0.1,0.01
1366,0.0,False,1.0,False,True,0.015,2.0,3.0,2.0,90,0.1,0.1,0.1,0.01
1367,0.02,False,1.0,False,True,0.02,2.0,5.0,2.0,80,1.0,0.1,0.1,0.0
1368,0.02,False,1.0,False,True,0.015,2.0,2.0,2.0,90,1.0,0.1,0.1,0.0
1369,0.05,False,1.0,False,True,0.015,2.0,1.0,2.0,90,0.1,0.1,0.01,0.01
1370,0.0,False,1.0,False,True,0.025,2.0,1.0,2.0,90,0.1,0.01,0.0,0.0
1371,0.02,False,1.0,False,True,0.015,2.0,2.0,2.0,90,0.1,0.1,0.0,0.01
1372,0.05,False,1.0,False,True,0.015,2.0,2.0,2.0,90,1.0,0.1,0.1,0.0
1373,0.05,False,1.0,False,True,0.015,2.0,1.0,2.0,90,0.1,0.1,0.0,0.01
1374,0.02,False,1.0,False,True,0.015,2.0,3.0,2.0,90,0.1,0.1,0.0,0.01
1375,0.05,False,1.0,False,True,0.015,2.0,2.0,2.0,80,1.0,0.1,0.1,0.1
1376,0.02,False,1.0,False,True,0.02,2.0,5.0,2.0,90,1.0,0.1,0.1,0.01
1377,0.02,False,1.0,False,True,0.015,2.0,1.0,2.0,90,1.0,0.1,0.1,0.01
1378,0.05,False,1.0,False,True,0.015,2.0,3.0,2.0,90,1.0,0.1,0.1,0.1
1379,0.05,False,1.0,False,True,0.025,2.0,2.0,2.0,90,1.0,0.1,0.01,0.01
1380,0.02,False,1.0,False,True,0.015,2.0,5.0,2.0,70,0.1,0.01,0.1,0.01
1381,0.02,False,1.0,False,True,0.015,2.0,2.0,2.0,90,1.0,0.1,0.1,0.1
1382,0.05,False,1.0,False,True,0.02,2.0,5.0,2.0,80,1.0,0.1,0.1,0.0
1383,0.0,False,1.0,False,True,0.025,2.0,2.0,2.0,90,1.0,1.0,0.01,0.01
1384,0.02,False,1.0,False,True,0.015,2.0,1.0,2.0,80,1.0,0.1,0.1,0.0
1385,0.05,False,1.0,False,True,0.015,2.0,2.0,2.0,90,0.1,0.1,0.0,0.1
1386,0.05,False,1.0,False,True,0.015,2.0,3.0,2.0,90,0.1,0.1,0.0,0.01
1387,0.05,False,1.0,False,True,0.025,2.0,3.0,2.0,70,1.0,0.01,0.1,0.1
1388,0.02,False,1.0,False,True,0.015,2.0,3.0,2.0,70,0.1,0.01,0.01,0.1
1389,0.02,False,1.0,False,True,0.015,2.0,2.0,2.0,80,1.0,0.1,0.1,0.1
1390,0.02,False,1.0,False,True,0.025,2.0,2.0,2.0,90,1.0,0.1,0.01,0.1
1391,0.02,False,1.0,False,True,0.02,2.0,2.0,2.0,90,1.0,0.1,0.1,0.0
1392,0.05,False,1.0,False,True,0.015,2.0,3.0,2.0,90,0.1,0.1,0.01,0.1
1393,0.02,False,1.0,False,True,0.015,2.0,2.0,2.0,80,1.0,0.1,0.1,0.01
1394,0.05,False,1.0,False,True,0.015,2.0,3.0,2.0,70,1.0,0.1,1.0,0.0
1395,0.05,False,1.0,False,True,0.015,2.0,2.0,2.0,90,1.0,0.1,0.1,0.01
1396,0.02,False,1.0,False,True,0.015,2.0,3.0,2.0,90,0.1,0.1,0.0,0.0
1397,0.05,False,1.0,False,True,0.015,2.0,1.0,2.0,80,1.0,0.1,0.1,0.1
1398,0.05,False,1.0,False,True,0.02,2.0,2.0,2.0,90,1.0,0.1,0.1,0.01
1399,0.02,False,1.0,False,True,0.015,2.0,3.0,2.0,70,0.1,0.01,0.0,0.1
1400,0.05,False,1.0,False,True,0.025,2.0,2.0,2.0,80,1.0,0.1,0.1,0.01
1401,0.05,False,1.0,False,True,0.015,2.0,3.0,2.0,90,0.1,0.1,0.01,0.01
1402,0.05,False,1.0,False,True,0.015,2.0,3.0,2.0,90,0.1,0.1,0.01,0.0
1403,0.05,False,1.0,False,False,1.0,1.0,1.0,1.0,90,1.0,1.0,1.0,0.0
1404,0.02,False,1.0,False,True,0.025,2.0,2.0,2.0,80,1.0,0.1,0.1,0.1
1405,0.05,False,1.0,False,True,0.02,2.0,5.0,2.0,90,1.0,0.1,0.1,0.0
1406,0.05,False,1.0,False,True,0.02,2.0,1.0,2.0,80,0.1,0.01,0.01,0.01
1407,0.05,False,1.0,False,True,0.015,2.0,3.0,2.0,70,0.1,0.01,0.0,0.1
1408,0.05,False,1.0,False,True,0.02,2.0,3.0,2.0,90,1.0,0.1,0.1,0.1
1409,0.05,False,1.0,False,True,0.025,2.0,5.0,2.0,70,1.0,0.01,0.1,0.01
1410,0.05,False,1.0,False,True,0.015,2.0,5.0,2.0,70,0.1,0.01,0.1,0.0
1411,0.05,False,1.0,False,True,0.015,2.0,1.0,2.0,90,1.0,0.1,0.1,0.01
1412,0.02,False,1.0,False,True,0.02,2.0,5.0,2.0,80,1.0,0.1,0.1,0.01
1413,0.05,False,1.0,False,True,0.015,2.0,1.0,2.0,70,0.1,0.01,0.01,0.1
1414,0.05,False,1.0,False,True,0.015,2.0,5.0,2.0,70,1.0,0.1,1.0,0.01
